<?xml version="1.0" encoding="utf-8"?>
<helpItems schema="maml" xmlns="http://msh">
  <command:command xmlns:maml="http://schemas.microsoft.com/maml/2004/10" xmlns:command="http://schemas.microsoft.com/maml/dev/command/2004/10" xmlns:dev="http://schemas.microsoft.com/maml/dev/2004/10" xmlns:MSHelp="http://msdn.microsoft.com/mshelp">
    <command:details>
      <command:name>Search-AzGraph</command:name>
      <command:verb>Search</command:verb>
      <command:noun>AzGraph</command:noun>
      <maml:description>
        <maml:para>Queries the resources managed by Azure Resource Manager.</maml:para>
      </maml:description>
    </command:details>
    <maml:description>
      <maml:para>Learn more about the query syntax here: https://aka.ms/resource-graph/learntoquery</maml:para>
    </maml:description>
    <command:syntax>
      <command:syntaxItem>
        <maml:name>Search-AzGraph</maml:name>
        <command:parameter required="true" variableLength="true" globbing="false" pipelineInput="True (ByPropertyName)" position="0" aliases="none">
          <maml:name>Query</maml:name>
          <maml:description>
            <maml:para>Resource Graph query.</maml:para>
          </maml:description>
          <command:parameterValue required="true" variableLength="false">System.String</command:parameterValue>
          <dev:type>
            <maml:name>System.String</maml:name>
            <maml:uri />
          </dev:type>
          <dev:defaultValue>None</dev:defaultValue>
        </command:parameter>
        <command:parameter required="false" variableLength="true" globbing="false" pipelineInput="False" position="named" aliases="none">
          <maml:name>AllowPartialScope</maml:name>
          <maml:description>
            <maml:para>Indicates if query should succeed when only partial number of subscriptions underneath can be processed by server</maml:para>
          </maml:description>
          <dev:type>
            <maml:name>System.Management.Automation.SwitchParameter</maml:name>
            <maml:uri />
          </dev:type>
          <dev:defaultValue>False</dev:defaultValue>
        </command:parameter>
        <command:parameter required="false" variableLength="true" globbing="false" pipelineInput="False" position="named" aliases="AzContext, AzureRmContext, AzureCredential">
          <maml:name>DefaultProfile</maml:name>
          <maml:description>
            <maml:para>The credentials, account, tenant, and subscription used for communication with Azure.</maml:para>
          </maml:description>
          <command:parameterValue required="true" variableLength="false">Microsoft.Azure.Commands.Common.Authentication.Abstractions.Core.IAzureContextContainer</command:parameterValue>
          <dev:type>
            <maml:name>Microsoft.Azure.Commands.Common.Authentication.Abstractions.Core.IAzureContextContainer</maml:name>
            <maml:uri />
          </dev:type>
          <dev:defaultValue>None</dev:defaultValue>
        </command:parameter>
        <command:parameter required="true" variableLength="true" globbing="false" pipelineInput="False" position="named" aliases="none">
          <maml:name>ManagementGroup</maml:name>
          <maml:description>
            <maml:para>Management group(s) to run query against.</maml:para>
          </maml:description>
          <command:parameterValue required="true" variableLength="false">System.String[]</command:parameterValue>
          <dev:type>
            <maml:name>System.String[]</maml:name>
            <maml:uri />
          </dev:type>
          <dev:defaultValue>None</dev:defaultValue>
        </command:parameter>
        <command:parameter required="false" variableLength="true" globbing="false" pipelineInput="False" position="named" aliases="none">
          <maml:name>SkipToken</maml:name>
          <maml:description>
            <maml:para>The skip token to use for getting the next page of results if applicable.</maml:para>
          </maml:description>
          <command:parameterValue required="true" variableLength="false">System.String</command:parameterValue>
          <dev:type>
            <maml:name>System.String</maml:name>
            <maml:uri />
          </dev:type>
          <dev:defaultValue>None</dev:defaultValue>
        </command:parameter>
        <command:parameter required="false" variableLength="true" globbing="false" pipelineInput="False" position="named" aliases="none">
          <maml:name>Skip</maml:name>
          <maml:description>
            <maml:para>Ignores the first N objects and then gets the remaining objects.</maml:para>
          </maml:description>
          <command:parameterValue required="true" variableLength="false">System.Int32</command:parameterValue>
          <dev:type>
            <maml:name>System.Int32</maml:name>
            <maml:uri />
          </dev:type>
          <dev:defaultValue>None</dev:defaultValue>
        </command:parameter>
        <command:parameter required="false" variableLength="true" globbing="false" pipelineInput="False" position="named" aliases="none">
          <maml:name>First</maml:name>
          <maml:description>
            <maml:para>The maximum number of objects to return. Allowed values: 1-1000. Default value is 100.</maml:para>
          </maml:description>
          <command:parameterValue required="true" variableLength="false">System.Int32</command:parameterValue>
          <dev:type>
            <maml:name>System.Int32</maml:name>
            <maml:uri />
          </dev:type>
          <dev:defaultValue>None</dev:defaultValue>
        </command:parameter>
      </command:syntaxItem>
      <command:syntaxItem>
        <maml:name>Search-AzGraph</maml:name>
        <command:parameter required="true" variableLength="true" globbing="false" pipelineInput="True (ByPropertyName)" position="0" aliases="none">
          <maml:name>Query</maml:name>
          <maml:description>
            <maml:para>Resource Graph query.</maml:para>
          </maml:description>
          <command:parameterValue required="true" variableLength="false">System.String</command:parameterValue>
          <dev:type>
            <maml:name>System.String</maml:name>
            <maml:uri />
          </dev:type>
          <dev:defaultValue>None</dev:defaultValue>
        </command:parameter>
        <command:parameter required="false" variableLength="true" globbing="false" pipelineInput="False" position="named" aliases="none">
          <maml:name>AllowPartialScope</maml:name>
          <maml:description>
            <maml:para>Indicates if query should succeed when only partial number of subscriptions underneath can be processed by server</maml:para>
          </maml:description>
          <dev:type>
            <maml:name>System.Management.Automation.SwitchParameter</maml:name>
            <maml:uri />
          </dev:type>
          <dev:defaultValue>False</dev:defaultValue>
        </command:parameter>
        <command:parameter required="false" variableLength="true" globbing="false" pipelineInput="False" position="named" aliases="AzContext, AzureRmContext, AzureCredential">
          <maml:name>DefaultProfile</maml:name>
          <maml:description>
            <maml:para>The credentials, account, tenant, and subscription used for communication with Azure.</maml:para>
          </maml:description>
          <command:parameterValue required="true" variableLength="false">Microsoft.Azure.Commands.Common.Authentication.Abstractions.Core.IAzureContextContainer</command:parameterValue>
          <dev:type>
            <maml:name>Microsoft.Azure.Commands.Common.Authentication.Abstractions.Core.IAzureContextContainer</maml:name>
            <maml:uri />
          </dev:type>
          <dev:defaultValue>None</dev:defaultValue>
        </command:parameter>
        <command:parameter required="false" variableLength="true" globbing="false" pipelineInput="False" position="named" aliases="none">
          <maml:name>SkipToken</maml:name>
          <maml:description>
            <maml:para>The skip token to use for getting the next page of results if applicable.</maml:para>
          </maml:description>
          <command:parameterValue required="true" variableLength="false">System.String</command:parameterValue>
          <dev:type>
            <maml:name>System.String</maml:name>
            <maml:uri />
          </dev:type>
          <dev:defaultValue>None</dev:defaultValue>
        </command:parameter>
        <command:parameter required="true" variableLength="true" globbing="false" pipelineInput="False" position="named" aliases="none">
          <maml:name>UseTenantScope</maml:name>
          <maml:description>
            <maml:para>Run query across all available subscriptions in the current tenant.</maml:para>
          </maml:description>
          <dev:type>
            <maml:name>System.Management.Automation.SwitchParameter</maml:name>
            <maml:uri />
          </dev:type>
          <dev:defaultValue>False</dev:defaultValue>
        </command:parameter>
        <command:parameter required="false" variableLength="true" globbing="false" pipelineInput="False" position="named" aliases="none">
          <maml:name>Skip</maml:name>
          <maml:description>
            <maml:para>Ignores the first N objects and then gets the remaining objects.</maml:para>
          </maml:description>
          <command:parameterValue required="true" variableLength="false">System.Int32</command:parameterValue>
          <dev:type>
            <maml:name>System.Int32</maml:name>
            <maml:uri />
          </dev:type>
          <dev:defaultValue>None</dev:defaultValue>
        </command:parameter>
        <command:parameter required="false" variableLength="true" globbing="false" pipelineInput="False" position="named" aliases="none">
          <maml:name>First</maml:name>
          <maml:description>
            <maml:para>The maximum number of objects to return. Allowed values: 1-1000. Default value is 100.</maml:para>
          </maml:description>
          <command:parameterValue required="true" variableLength="false">System.Int32</command:parameterValue>
          <dev:type>
            <maml:name>System.Int32</maml:name>
            <maml:uri />
          </dev:type>
          <dev:defaultValue>None</dev:defaultValue>
        </command:parameter>
      </command:syntaxItem>
      <command:syntaxItem>
        <maml:name>Search-AzGraph</maml:name>
        <command:parameter required="true" variableLength="true" globbing="false" pipelineInput="True (ByPropertyName)" position="0" aliases="none">
          <maml:name>Query</maml:name>
          <maml:description>
            <maml:para>Resource Graph query.</maml:para>
          </maml:description>
          <command:parameterValue required="true" variableLength="false">System.String</command:parameterValue>
          <dev:type>
            <maml:name>System.String</maml:name>
            <maml:uri />
          </dev:type>
          <dev:defaultValue>None</dev:defaultValue>
        </command:parameter>
        <command:parameter required="false" variableLength="true" globbing="false" pipelineInput="False" position="named" aliases="AzContext, AzureRmContext, AzureCredential">
          <maml:name>DefaultProfile</maml:name>
          <maml:description>
            <maml:para>The credentials, account, tenant, and subscription used for communication with Azure.</maml:para>
          </maml:description>
          <command:parameterValue required="true" variableLength="false">Microsoft.Azure.Commands.Common.Authentication.Abstractions.Core.IAzureContextContainer</command:parameterValue>
          <dev:type>
            <maml:name>Microsoft.Azure.Commands.Common.Authentication.Abstractions.Core.IAzureContextContainer</maml:name>
            <maml:uri />
          </dev:type>
          <dev:defaultValue>None</dev:defaultValue>
        </command:parameter>
        <command:parameter required="false" variableLength="true" globbing="false" pipelineInput="False" position="named" aliases="none">
          <maml:name>SkipToken</maml:name>
          <maml:description>
            <maml:para>The skip token to use for getting the next page of results if applicable.</maml:para>
          </maml:description>
          <command:parameterValue required="true" variableLength="false">System.String</command:parameterValue>
          <dev:type>
            <maml:name>System.String</maml:name>
            <maml:uri />
          </dev:type>
          <dev:defaultValue>None</dev:defaultValue>
        </command:parameter>
        <command:parameter required="false" variableLength="true" globbing="false" pipelineInput="False" position="named" aliases="none">
          <maml:name>Subscription</maml:name>
          <maml:description>
            <maml:para>Subscription(s) to run query against.</maml:para>
          </maml:description>
          <command:parameterValue required="true" variableLength="false">System.String[]</command:parameterValue>
          <dev:type>
            <maml:name>System.String[]</maml:name>
            <maml:uri />
          </dev:type>
          <dev:defaultValue>None</dev:defaultValue>
        </command:parameter>
        <command:parameter required="false" variableLength="true" globbing="false" pipelineInput="False" position="named" aliases="none">
          <maml:name>Skip</maml:name>
          <maml:description>
            <maml:para>Ignores the first N objects and then gets the remaining objects.</maml:para>
          </maml:description>
          <command:parameterValue required="true" variableLength="false">System.Int32</command:parameterValue>
          <dev:type>
            <maml:name>System.Int32</maml:name>
            <maml:uri />
          </dev:type>
          <dev:defaultValue>None</dev:defaultValue>
        </command:parameter>
        <command:parameter required="false" variableLength="true" globbing="false" pipelineInput="False" position="named" aliases="none">
          <maml:name>First</maml:name>
          <maml:description>
            <maml:para>The maximum number of objects to return. Allowed values: 1-1000. Default value is 100.</maml:para>
          </maml:description>
          <command:parameterValue required="true" variableLength="false">System.Int32</command:parameterValue>
          <dev:type>
            <maml:name>System.Int32</maml:name>
            <maml:uri />
          </dev:type>
          <dev:defaultValue>None</dev:defaultValue>
        </command:parameter>
      </command:syntaxItem>
    </command:syntax>
    <command:parameters>
      <command:parameter required="false" variableLength="true" globbing="false" pipelineInput="False" position="named" aliases="none">
        <maml:name>AllowPartialScope</maml:name>
        <maml:description>
          <maml:para>Indicates if query should succeed when only partial number of subscriptions underneath can be processed by server</maml:para>
        </maml:description>
        <command:parameterValue required="true" variableLength="false">System.Management.Automation.SwitchParameter</command:parameterValue>
        <dev:type>
          <maml:name>System.Management.Automation.SwitchParameter</maml:name>
          <maml:uri />
        </dev:type>
        <dev:defaultValue>False</dev:defaultValue>
      </command:parameter>
      <command:parameter required="false" variableLength="true" globbing="false" pipelineInput="False" position="named" aliases="AzContext, AzureRmContext, AzureCredential">
        <maml:name>DefaultProfile</maml:name>
        <maml:description>
          <maml:para>The credentials, account, tenant, and subscription used for communication with Azure.</maml:para>
        </maml:description>
        <command:parameterValue required="true" variableLength="false">Microsoft.Azure.Commands.Common.Authentication.Abstractions.Core.IAzureContextContainer</command:parameterValue>
        <dev:type>
          <maml:name>Microsoft.Azure.Commands.Common.Authentication.Abstractions.Core.IAzureContextContainer</maml:name>
          <maml:uri />
        </dev:type>
        <dev:defaultValue>None</dev:defaultValue>
      </command:parameter>
      <command:parameter required="true" variableLength="true" globbing="false" pipelineInput="False" position="named" aliases="none">
        <maml:name>ManagementGroup</maml:name>
        <maml:description>
          <maml:para>Management group(s) to run query against.</maml:para>
        </maml:description>
        <command:parameterValue required="true" variableLength="false">System.String[]</command:parameterValue>
        <dev:type>
          <maml:name>System.String[]</maml:name>
          <maml:uri />
        </dev:type>
        <dev:defaultValue>None</dev:defaultValue>
      </command:parameter>
      <command:parameter required="true" variableLength="true" globbing="false" pipelineInput="True (ByPropertyName)" position="0" aliases="none">
        <maml:name>Query</maml:name>
        <maml:description>
          <maml:para>Resource Graph query.</maml:para>
        </maml:description>
        <command:parameterValue required="true" variableLength="false">System.String</command:parameterValue>
        <dev:type>
          <maml:name>System.String</maml:name>
          <maml:uri />
        </dev:type>
        <dev:defaultValue>None</dev:defaultValue>
      </command:parameter>
      <command:parameter required="false" variableLength="true" globbing="false" pipelineInput="False" position="named" aliases="none">
        <maml:name>SkipToken</maml:name>
        <maml:description>
          <maml:para>The skip token to use for getting the next page of results if applicable.</maml:para>
        </maml:description>
        <command:parameterValue required="true" variableLength="false">System.String</command:parameterValue>
        <dev:type>
          <maml:name>System.String</maml:name>
          <maml:uri />
        </dev:type>
        <dev:defaultValue>None</dev:defaultValue>
      </command:parameter>
      <command:parameter required="false" variableLength="true" globbing="false" pipelineInput="False" position="named" aliases="none">
        <maml:name>Subscription</maml:name>
        <maml:description>
          <maml:para>Subscription(s) to run query against.</maml:para>
        </maml:description>
        <command:parameterValue required="true" variableLength="false">System.String[]</command:parameterValue>
        <dev:type>
          <maml:name>System.String[]</maml:name>
          <maml:uri />
        </dev:type>
        <dev:defaultValue>None</dev:defaultValue>
      </command:parameter>
      <command:parameter required="true" variableLength="true" globbing="false" pipelineInput="False" position="named" aliases="none">
        <maml:name>UseTenantScope</maml:name>
        <maml:description>
          <maml:para>Run query across all available subscriptions in the current tenant.</maml:para>
        </maml:description>
        <command:parameterValue required="true" variableLength="false">System.Management.Automation.SwitchParameter</command:parameterValue>
        <dev:type>
          <maml:name>System.Management.Automation.SwitchParameter</maml:name>
          <maml:uri />
        </dev:type>
        <dev:defaultValue>False</dev:defaultValue>
      </command:parameter>
      <command:parameter required="false" variableLength="true" globbing="false" pipelineInput="False" position="named" aliases="none">
        <maml:name>Skip</maml:name>
        <maml:description>
          <maml:para>Ignores the first N objects and then gets the remaining objects.</maml:para>
        </maml:description>
        <command:parameterValue required="true" variableLength="false">System.Int32</command:parameterValue>
        <dev:type>
          <maml:name>System.Int32</maml:name>
          <maml:uri />
        </dev:type>
        <dev:defaultValue>None</dev:defaultValue>
      </command:parameter>
      <command:parameter required="false" variableLength="true" globbing="false" pipelineInput="False" position="named" aliases="none">
        <maml:name>First</maml:name>
        <maml:description>
          <maml:para>The maximum number of objects to return. Allowed values: 1-1000. Default value is 100.</maml:para>
        </maml:description>
        <command:parameterValue required="true" variableLength="false">System.Int32</command:parameterValue>
        <dev:type>
          <maml:name>System.Int32</maml:name>
          <maml:uri />
        </dev:type>
        <dev:defaultValue>None</dev:defaultValue>
      </command:parameter>
    </command:parameters>
    <command:inputTypes>
      <command:inputType>
        <dev:type>
          <maml:name>None</maml:name>
        </dev:type>
        <maml:description>
          <maml:para></maml:para>
        </maml:description>
      </command:inputType>
    </command:inputTypes>
    <command:returnValues>
      <command:returnValue>
        <dev:type>
          <maml:name>Microsoft.Azure.Commands.ResourceGraph.Models.PSResourceGraphResponse`1[[System.Management.Automation.PSObject]]</maml:name>
        </dev:type>
        <maml:description>
          <maml:para></maml:para>
        </maml:description>
      </command:returnValue>
    </command:returnValues>
    <maml:alertSet>
      <maml:alert>
        <maml:para></maml:para>
      </maml:alert>
    </maml:alertSet>
    <command:examples>
      <command:example>
        <maml:title>-------------------------- Example 1 --------------------------</maml:title>
        <dev:code>Search-AzGraph "project id, name, type, location, tags" -First 3

id         : /subscriptions/1ef51df4-f8a9-4b69-9919-1ef51df4eff6/resourceGroups/Service-INT-a/providers/Microsoft.Compute/virtualMachineScaleSets/nt
name       : nt
type       : microsoft.compute/virtualmachinescalesets
location   : eastus
tags       : @{resourceType=Service Fabric; clusterName=gov-art-int-nt-a}
ResourceId : /subscriptions/1ef51df4-f8a9-4b69-9919-1ef51df4eff6/resourceGroups/Service-INT-a/providers/Microsoft.Compute/virtualMachineScaleSets/nt

id         : /subscriptions/1ef51df4-f8a9-4b69-9919-1ef51df4eff6/resourceGroups/Service-INT-a/providers/Microsoft.EventGrid/topics/egtopic-1
name       : egtopic-1
type       : microsoft.eventgrid/topics
location   : westus2
tags       :
ResourceId : /subscriptions/1ef51df4-f8a9-4b69-9919-1ef51df4eff6/resourceGroups/Service-INT-a/providers/Microsoft.EventGrid/topics/egtopic-1</dev:code>
        <dev:remarks>
          <maml:para>Simple resources query requesting a subset of resource fields.</maml:para>
<maml:para></maml:para>
<maml:para></maml:para>
        </dev:remarks>
      </command:example>
      <command:example>
        <maml:title>-------------------------- Example 2 --------------------------</maml:title>
        <dev:code>Search-AzGraph "project id, name, type, location | where type =~ 'Microsoft.Compute/virtualMachines' | summarize count() by location | top 3 by count_"

location      count_
--------      ------
eastus            66
westcentralus     32
westus            26</dev:code>
        <dev:remarks>
          <maml:para>A complex query on resources featuring field selection, filtering and summarizing.</maml:para>
<maml:para></maml:para>
<maml:para></maml:para>
        </dev:remarks>
      </command:example>
      <command:example>
        <maml:title>-------------------------- Example 3 --------------------------</maml:title>
        <dev:code>$response = Search-AzGraph -Query "project id, name, type, location" -First 2
Search-AzGraph -Query "project id, name, type, location" -SkipToken $response.SkipToken

id         : /subscriptions/1ef51df4-f8a9-4b69-9919-1ef51df4eff6/resourceGroups/test/providers/Microsoft.Network/networkInterfaces/17ni
name       : 17ni
type       : microsoft.network/networkinterfaces
location   : westeurope
ResourceId : /subscriptions/1ef51df4-f8a9-4b69-9919-1ef51df4eff6/resourceGroups/test/providers/Microsoft.Network/networkInterfaces/17ni

id         : /subscriptions/1ef51df4-f8a9-4b69-9919-1ef51df4eff6/resourceGroups/test/providers/Microsoft.Network/networkSecurityGroups/17nsg
name       : 17nsg
type       : microsoft.network/networksecuritygroups
location   : westeurope
ResourceId : /subscriptions/1ef51df4-f8a9-4b69-9919-1ef51df4eff6/resourceGroups/test/providers/Microsoft.Network/networkSecurityGroups/17nsg</dev:code>
        <dev:remarks>
          <maml:para>A query with the skip token passed from the previous query results. Please note that keeping id in the results is mandatory to get back a skip token.</maml:para>
<maml:para></maml:para>
<maml:para></maml:para>
        </dev:remarks>
      </command:example>
      <command:example>
        <maml:title>-------------------------- Example 4 --------------------------</maml:title>
        <dev:code>Search-AzGraph -Query "project id, name, type, location, tags" -First 2 -ManagementGroup MyManagementGroupId -AllowPartialScope

id         : /subscriptions/1ef51df4-f8a9-4b69-9919-1ef51df4eff6/resourceGroups/Service-INT-a/providers/Microsoft.Compute/virtualMachineScaleSets/nt
name       : nt
type       : microsoft.compute/virtualmachinescalesets
location   : eastus
tags       : @{resourceType=Service Fabric; clusterName=gov-art-int-nt-a}
ResourceId : /subscriptions/1ef51df4-f8a9-4b69-9919-1ef51df4eff6/resourceGroups/Service-INT-a/providers/Microsoft.Compute/virtualMachineScaleSets/nt

id         : /subscriptions/1ef51df4-f8a9-4b69-9919-1ef51df4eff6/resourceGroups/Service-INT-a/providers/Microsoft.EventGrid/topics/egtopic-1
name       : egtopic-1
type       : microsoft.eventgrid/topics
location   : westus2
tags       :
ResourceId : /subscriptions/1ef51df4-f8a9-4b69-9919-1ef51df4eff6/resourceGroups/Service-INT-a/providers/Microsoft.EventGrid/topics/egtopic-1</dev:code>
        <dev:remarks>
          <maml:para>A query scoped to the management group that allows the query to succeed with partial scope result if MyManagementGroupId has more than N subscriptions underneath. N is max number of subscriptions that can be processed by server.</maml:para>
<maml:para></maml:para>
<maml:para></maml:para>
        </dev:remarks>
      </command:example>
    </command:examples>
    <command:relatedLinks>
      <maml:navigationLink>
        <maml:linkText>Online Version:</maml:linkText>
        <maml:uri>https://learn.microsoft.com/powershell/module/az.resourcegraph/search-azgraph</maml:uri>
      </maml:navigationLink>
    </command:relatedLinks>
  </command:command>
</helpItems>