<Objs Version="1.1.0.1" xmlns="http://schemas.microsoft.com/powershell/2004/04">
  <Obj RefId="0">
    <TN RefId="0">
      <T>Microsoft.PowerShell.Commands.PSRepositoryItemInfo</T>
      <T>System.Management.Automation.PSCustomObject</T>
      <T>System.Object</T>
    </TN>
    <MS>
      <S N="Name">Az.ResourceGraph</S>
      <S N="Version">1.2.1</S>
      <S N="Type">Module</S>
      <S N="Description">Microsoft Azure PowerShell - Azure Resource Graph cmdlets in Windows PowerShell and PowerShell Core. Allows querying resources with a powerful query language._x000D__x000A__x000D__x000A_For more information on Resource Graph, please visit the following: https://learn.microsoft.com/azure/governance/resource-graph/</S>
      <S N="Author">Microsoft Corporation</S>
      <S N="CompanyName">azure-sdk</S>
      <S N="Copyright">Microsoft Corporation. All rights reserved.</S>
      <DT N="PublishedDate">2025-05-06T01:52:55-05:00</DT>
      <Nil N="InstalledDate" />
      <Nil N="UpdatedDate" />
      <URI N="LicenseUri">https://aka.ms/azps-license</URI>
      <URI N="ProjectUri">https://github.com/Azure/azure-powershell</URI>
      <Nil N="IconUri" />
      <Obj N="Tags" RefId="1">
        <TN RefId="1">
          <T>System.Object[]</T>
          <T>System.Array</T>
          <T>System.Object</T>
        </TN>
        <LST>
          <S>Azure</S>
          <S>ResourceManager</S>
          <S>ARM</S>
          <S>Provider</S>
          <S>Resource</S>
          <S>Graph</S>
          <S>PSModule</S>
          <S>PSEdition_Core</S>
          <S>PSEdition_Desktop</S>
        </LST>
      </Obj>
      <Obj N="Includes" RefId="2">
        <TN RefId="2">
          <T>System.Collections.Hashtable</T>
          <T>System.Object</T>
        </TN>
        <DCT>
          <En>
            <S N="Key">Workflow</S>
            <Obj N="Value" RefId="3">
              <TNRef RefId="1" />
              <LST />
            </Obj>
          </En>
          <En>
            <S N="Key">RoleCapability</S>
            <Ref N="Value" RefId="3" />
          </En>
          <En>
            <S N="Key">Cmdlet</S>
            <Obj N="Value" RefId="4">
              <TNRef RefId="1" />
              <LST>
                <S>Search-AzGraph</S>
              </LST>
            </Obj>
          </En>
          <En>
            <S N="Key">Function</S>
            <Obj N="Value" RefId="5">
              <TNRef RefId="1" />
              <LST>
                <S>Get-AzResourceGraphQuery</S>
                <S>New-AzResourceGraphQuery</S>
                <S>Remove-AzResourceGraphQuery</S>
                <S>Update-AzResourceGraphQuery</S>
              </LST>
            </Obj>
          </En>
          <En>
            <S N="Key">Command</S>
            <Obj N="Value" RefId="6">
              <TNRef RefId="1" />
              <LST>
                <S>Search-AzGraph</S>
                <S>Get-AzResourceGraphQuery</S>
                <S>New-AzResourceGraphQuery</S>
                <S>Remove-AzResourceGraphQuery</S>
                <S>Update-AzResourceGraphQuery</S>
              </LST>
            </Obj>
          </En>
          <En>
            <S N="Key">DscResource</S>
            <Ref N="Value" RefId="3" />
          </En>
        </DCT>
      </Obj>
      <Nil N="PowerShellGetFormatVersion" />
      <S N="ReleaseNotes">* Introduced various new features by upgrading code generator. Please see detail [here](https://github.com/Azure/azure-powershell/blob/main/documentation/Autorest-powershell-v4-new-features.md).</S>
      <Obj N="Dependencies" RefId="7">
        <TNRef RefId="1" />
        <LST>
          <Obj RefId="8">
            <TN RefId="3">
              <T>System.Collections.Specialized.OrderedDictionary</T>
              <T>System.Object</T>
            </TN>
            <DCT>
              <En>
                <S N="Key">Name</S>
                <S N="Value">Az.Accounts</S>
              </En>
              <En>
                <S N="Key">MinimumVersion</S>
                <S N="Value">4.2.0</S>
              </En>
              <En>
                <S N="Key">CanonicalId</S>
                <S N="Value">nuget:Az.Accounts/4.2.0</S>
              </En>
            </DCT>
          </Obj>
        </LST>
      </Obj>
      <S N="RepositorySourceLocation">https://www.powershellgallery.com/api/v2</S>
      <S N="Repository">PSGallery</S>
      <S N="PackageManagementProvider">NuGet</S>
      <Obj N="AdditionalMetadata" RefId="9">
        <TN RefId="4">
          <T>System.Management.Automation.PSCustomObject</T>
          <T>System.Object</T>
        </TN>
        <MS>
          <S N="copyright">Microsoft Corporation. All rights reserved.</S>
          <S N="description">Microsoft Azure PowerShell - Azure Resource Graph cmdlets in Windows PowerShell and PowerShell Core. Allows querying resources with a powerful query language._x000D__x000A__x000D__x000A_For more information on Resource Graph, please visit the following: https://learn.microsoft.com/azure/governance/resource-graph/</S>
          <S N="requireLicenseAcceptance">True</S>
          <S N="releaseNotes">* Introduced various new features by upgrading code generator. Please see detail [here](https://github.com/Azure/azure-powershell/blob/main/documentation/Autorest-powershell-v4-new-features.md).</S>
          <S N="isLatestVersion">True</S>
          <S N="isAbsoluteLatestVersion">True</S>
          <S N="versionDownloadCount">6154719</S>
          <S N="downloadCount">58033075</S>
          <S N="packageSize">459166</S>
          <S N="published">5/6/2025 1:52:55 AM -05:00</S>
          <S N="created">5/6/2025 1:52:55 AM -05:00</S>
          <S N="lastUpdated">6/12/2025 6:20:00 PM -05:00</S>
          <S N="tags">Azure ResourceManager ARM Provider Resource Graph PSModule PSEdition_Core PSEdition_Desktop PSCmdlet_Search-AzGraph PSCommand_Search-AzGraph PSIncludes_Cmdlet PSFunction_Get-AzResourceGraphQuery PSCommand_Get-AzResourceGraphQuery PSFunction_New-AzResourceGraphQuery PSCommand_New-AzResourceGraphQuery PSFunction_Remove-AzResourceGraphQuery PSCommand_Remove-AzResourceGraphQuery PSFunction_Update-AzResourceGraphQuery PSCommand_Update-AzResourceGraphQuery PSIncludes_Function</S>
          <S N="developmentDependency">False</S>
          <S N="updated">2025-06-12T18:20:00Z</S>
          <S N="NormalizedVersion">1.2.1</S>
          <S N="Authors">Microsoft Corporation</S>
          <S N="IsPrerelease">false</S>
          <S N="ItemType">Module</S>
          <S N="FileList">Az.ResourceGraph.nuspec|Az.ResourceGraph.psd1|Az.ResourceGraph.psm1|Microsoft.Azure.PowerShell.Cmdlets.ResourceGraph.dll-Help.xml|Microsoft.Azure.PowerShell.Cmdlets.ResourceGraph.generated.format.ps1xml|Microsoft.Azure.PowerShell.ResourceGraph.Management.Sdk.dll|ResourceGraph.Autorest\Az.ResourceGraph.format.ps1xml|ResourceGraph.Autorest\Az.ResourceGraph.psm1|ResourceGraph.Autorest\bin\Az.ResourceGraph.private.dll|ResourceGraph.Autorest\custom\Az.ResourceGraph.custom.psm1|ResourceGraph.Autorest\custom\New-AzResourceGraphQuery.ps1|ResourceGraph.Autorest\custom\Update-AzResourceGraphQuery.ps1|ResourceGraph.Autorest\exports\ProxyCmdletDefinitions.ps1|ResourceGraph.Autorest\internal\Az.ResourceGraph.internal.psm1|ResourceGraph.Autorest\internal\ProxyCmdletDefinitions.ps1|ResourceGraph.Autorest\utils\Get-SubscriptionIdTestSafe.ps1|ResourceGraph.Autorest\utils\Unprotect-SecureString.ps1|Microsoft.Azure.PowerShell.Cmdlets.ResourceGraph.dll|.signature.p7s</S>
          <S N="GUID">a153eead-f293-4588-b61e-b465b237591e</S>
          <S N="PowerShellVersion">5.1</S>
          <S N="DotNetFrameworkVersion">4.7.2</S>
          <S N="CompanyName">Microsoft Corporation</S>
        </MS>
      </Obj>
      <S N="InstalledLocation">/Users/warrenchu/Modules/Az.ResourceGraph/1.2.1</S>
    </MS>
  </Obj>
</Objs>
