<Objs Version="1.1.0.1" xmlns="http://schemas.microsoft.com/powershell/2004/04">
  <Obj RefId="0">
    <TN RefId="0">
      <T>Microsoft.PowerShell.Commands.PSRepositoryItemInfo</T>
      <T>System.Management.Automation.PSCustomObject</T>
      <T>System.Object</T>
    </TN>
    <MS>
      <S N="Name">AzureResourceInventory</S>
      <S N="Version">3.6.9</S>
      <S N="Type">Module</S>
      <S N="Description">Azure Resource Inventory - Its a Powerful tool to create EXCEL inventory from Azure Resources with low effort</S>
      <S N="Author">Claudio Merola</S>
      <S N="CompanyName">merola</S>
      <S N="Copyright">(c) Claudio Merola. All rights reserved.</S>
      <DT N="PublishedDate">2025-06-06T13:49:27-05:00</DT>
      <Nil N="InstalledDate" />
      <Nil N="UpdatedDate" />
      <URI N="LicenseUri">https://github.com/microsoft/ARI/blob/main/LICENSE</URI>
      <URI N="ProjectUri">https://github.com/microsoft/ARI</URI>
      <URI N="IconUri">https://github.com/microsoft/ARI/blob/main/images/ARI_Logo.png</URI>
      <Obj N="Tags" RefId="1">
        <TN RefId="1">
          <T>System.Object[]</T>
          <T>System.Array</T>
          <T>System.Object</T>
        </TN>
        <LST>
          <S>Azure</S>
          <S>Inventory</S>
          <S>ResourceInventory</S>
          <S>ARI</S>
          <S>AzureResourceInventory</S>
          <S>Resources</S>
          <S>PSModule</S>
        </LST>
      </Obj>
      <Obj N="Includes" RefId="2">
        <TN RefId="2">
          <T>System.Collections.Hashtable</T>
          <T>System.Object</T>
        </TN>
        <DCT>
          <En>
            <S N="Key">Workflow</S>
            <Obj N="Value" RefId="3">
              <TNRef RefId="1" />
              <LST />
            </Obj>
          </En>
          <En>
            <S N="Key">RoleCapability</S>
            <Ref N="Value" RefId="3" />
          </En>
          <En>
            <S N="Key">Cmdlet</S>
            <Ref N="Value" RefId="3" />
          </En>
          <En>
            <S N="Key">Function</S>
            <Obj N="Value" RefId="4">
              <TNRef RefId="1" />
              <LST>
                <S>Start-ARIAdvisoryJob</S>
                <S>Start-ARIPolicyJob</S>
                <S>Start-ARISecCenterJob</S>
                <S>Start-ARISubscriptionJob</S>
                <S>Wait-ARIJob</S>
                <S>Build-ARIDiagramSubnet</S>
                <S>Set-ARIDiagramFile</S>
                <S>Start-ARIDiagramJob</S>
                <S>Start-ARIDiagramNetwork</S>
                <S>Start-ARIDiagramOrganization</S>
                <S>Start-ARIDiagramSubscription</S>
                <S>Start-ARIDrawIODiagram</S>
                <S>Invoke-ARI</S>
                <S>Invoke-AzureRAMPInventory</S>
              </LST>
            </Obj>
          </En>
          <En>
            <S N="Key">Command</S>
            <Obj N="Value" RefId="5">
              <TNRef RefId="1" />
              <LST>
                <S>Start-ARIAdvisoryJob</S>
                <S>Start-ARIPolicyJob</S>
                <S>Start-ARISecCenterJob</S>
                <S>Start-ARISubscriptionJob</S>
                <S>Wait-ARIJob</S>
                <S>Build-ARIDiagramSubnet</S>
                <S>Set-ARIDiagramFile</S>
                <S>Start-ARIDiagramJob</S>
                <S>Start-ARIDiagramNetwork</S>
                <S>Start-ARIDiagramOrganization</S>
                <S>Start-ARIDiagramSubscription</S>
                <S>Start-ARIDrawIODiagram</S>
                <S>Invoke-ARI</S>
                <S>Invoke-AzureRAMPInventory</S>
              </LST>
            </Obj>
          </En>
          <En>
            <S N="Key">DscResource</S>
            <Ref N="Value" RefId="3" />
          </En>
        </DCT>
      </Obj>
      <Nil N="PowerShellGetFormatVersion" />
      <Nil N="ReleaseNotes" />
      <Obj N="Dependencies" RefId="6">
        <TNRef RefId="1" />
        <LST>
          <Obj RefId="7">
            <TN RefId="3">
              <T>System.Collections.Specialized.OrderedDictionary</T>
              <T>System.Object</T>
            </TN>
            <DCT>
              <En>
                <S N="Key">Name</S>
                <S N="Value">ImportExcel</S>
              </En>
              <En>
                <S N="Key">CanonicalId</S>
                <S N="Value">nuget:ImportExcel</S>
              </En>
            </DCT>
          </Obj>
          <Obj RefId="8">
            <TNRef RefId="3" />
            <DCT>
              <En>
                <S N="Key">Name</S>
                <S N="Value">Az.Accounts</S>
              </En>
              <En>
                <S N="Key">CanonicalId</S>
                <S N="Value">nuget:Az.Accounts</S>
              </En>
            </DCT>
          </Obj>
          <Obj RefId="9">
            <TNRef RefId="3" />
            <DCT>
              <En>
                <S N="Key">Name</S>
                <S N="Value">Az.ResourceGraph</S>
              </En>
              <En>
                <S N="Key">CanonicalId</S>
                <S N="Value">nuget:Az.ResourceGraph</S>
              </En>
            </DCT>
          </Obj>
          <Obj RefId="10">
            <TNRef RefId="3" />
            <DCT>
              <En>
                <S N="Key">Name</S>
                <S N="Value">Az.Storage</S>
              </En>
              <En>
                <S N="Key">CanonicalId</S>
                <S N="Value">nuget:Az.Storage</S>
              </En>
            </DCT>
          </Obj>
          <Obj RefId="11">
            <TNRef RefId="3" />
            <DCT>
              <En>
                <S N="Key">Name</S>
                <S N="Value">Az.Compute</S>
              </En>
              <En>
                <S N="Key">CanonicalId</S>
                <S N="Value">nuget:Az.Compute</S>
              </En>
            </DCT>
          </Obj>
        </LST>
      </Obj>
      <S N="RepositorySourceLocation">https://www.powershellgallery.com/api/v2</S>
      <S N="Repository">PSGallery</S>
      <S N="PackageManagementProvider">NuGet</S>
      <Obj N="AdditionalMetadata" RefId="12">
        <TN RefId="4">
          <T>System.Management.Automation.PSCustomObject</T>
          <T>System.Object</T>
        </TN>
        <MS>
          <S N="copyright">(c) Claudio Merola. All rights reserved.</S>
          <S N="description">Azure Resource Inventory - Its a Powerful tool to create EXCEL inventory from Azure Resources with low effort</S>
          <S N="requireLicenseAcceptance">False</S>
          <S N="isLatestVersion">True</S>
          <S N="isAbsoluteLatestVersion">True</S>
          <S N="versionDownloadCount">552</S>
          <S N="downloadCount">55211</S>
          <S N="packageSize">441415</S>
          <S N="published">6/6/2025 1:49:27 PM -05:00</S>
          <S N="created">6/6/2025 1:49:27 PM -05:00</S>
          <S N="lastUpdated">6/12/2025 5:30:00 PM -05:00</S>
          <S N="tags">Azure Inventory ResourceInventory ARI AzureResourceInventory Resources PSModule PSFunction_Start-ARIAdvisoryJob PSCommand_Start-ARIAdvisoryJob PSFunction_Start-ARIPolicyJob PSCommand_Start-ARIPolicyJob PSFunction_Start-ARISecCenterJob PSCommand_Start-ARISecCenterJob PSFunction_Start-ARISubscriptionJob PSCommand_Start-ARISubscriptionJob PSFunction_Wait-ARIJob PSCommand_Wait-ARIJob PSFunction_Build-ARIDiagramSubnet PSCommand_Build-ARIDiagramSubnet PSFunction_Set-ARIDiagramFile PSCommand_Set-ARIDiagramFile PSFunction_Start-ARIDiagramJob PSCommand_Start-ARIDiagramJob PSFunction_Start-ARIDiagramNetwork PSCommand_Start-ARIDiagramNetwork PSFunction_Start-ARIDiagramOrganization PSCommand_Start-ARIDiagramOrganization PSFunction_Start-ARIDiagramSubscription PSCommand_Start-ARIDiagramSubscription PSFunction_Start-ARIDrawIODiagram PSCommand_Start-ARIDrawIODiagram PSFunction_Invoke-ARI PSCommand_Invoke-ARI PSFunction_Invoke-AzureRAMPInventory PSCommand_Invoke-AzureRAMPInventory PSIncludes_Function</S>
          <S N="developmentDependency">False</S>
          <S N="updated">2025-06-12T17:30:00Z</S>
          <S N="NormalizedVersion">3.6.9</S>
          <S N="Authors">Claudio Merola</S>
          <S N="IsPrerelease">false</S>
          <S N="ItemType">Module</S>
          <S N="FileList">AzureResourceInventory.nuspec|modules\Public\InventoryModules\AI\ImmersiveReader.ps1|modules\Public\InventoryModules\APIs\ManagedIds.ps1|modules\Public\InventoryModules\Container\ContainerApp.ps1|modules\Public\InventoryModules\Database\SQLMIDB.ps1|modules\Public\InventoryModules\Network_1\BastionHosts.ps1|modules\Public\InventoryModules\Network_2\NetworkInterface.ps1|modules\Public\PublicFunctions\Invoke-AzureRAMPInventory.ps1|modules\Private\1.ExtractionFunctions\Get-ARIAPIResources.ps1|modules\Private\2.ProcessingFunctions\Start-ARIAutProcessJob.ps1|modules\Private\3.ReportingFunctions\StyleFunctions\Out-ARIReportResults.ps1|modules\Private\LegacyFunctions\Start-ARILargeEnvOrderFiles.ps2|modules\Public\InventoryModules\AI\MachineLearning.ps1|modules\Public\InventoryModules\APIs\Outages.ps1|modules\Public\InventoryModules\Container\ContainerAppEnv.ps1|modules\Public\InventoryModules\Database\SQLPOOL.ps1|modules\Public\InventoryModules\Network_1\Connections.ps1|modules\Public\InventoryModules\Network_2\NetworkSecurityGroup.ps1|modules\Public\PublicFunctions\Diagram\Build-ARIDiagramSubnet.ps1|AzureResourceInventory.psd1|modules\Private\1.ExtractionFunctions\Get-ARICostInventory.ps1|modules\Private\2.ProcessingFunctions\Start-ARIExtraJobs.ps1|modules\Private\3.ReportingFunctions\StyleFunctions\Retirement.kql|modules\Private\LegacyFunctions\Start-ARIResourceJobs.ps2|modules\Public\InventoryModules\AI\SearchServices.ps1|modules\Public\InventoryModules\APIs\ReservationRecom.ps1|modules\Public\InventoryModules\Container\ContainerGroups.ps1|modules\Public\InventoryModules\Database\SQLSERVER.ps1|modules\Public\InventoryModules\Network_1\ExpressRoute.ps1|modules\Public\InventoryModules\Network_2\PrivateDNS.ps1|modules\Public\PublicFunctions\Diagram\Set-ARIDiagramFile.ps1|AzureResourceInventory.psm1|modules\Private\1.ExtractionFunctions\Get-ARIManagementGroups.ps1|modules\Private\2.ProcessingFunctions\Start-ARIProcessJob.ps1|modules\Private\3.ReportingFunctions\StyleFunctions\Start-ARIExcelCustomization.ps1|modules\Private\LegacyFunctions\Start-ARIResourceReporting.ps2|modules\Public\InventoryModules\AI\SpeechService.ps1|modules\Public\InventoryModules\APIs\SupportTickets.ps1|modules\Public\InventoryModules\Container\ContainerRegistries.ps1|modules\Public\InventoryModules\Database\SQLVM.ps1|modules\Public\InventoryModules\Network_1\LoadBalancer.ps1|modules\Public\InventoryModules\Network_2\PrivateEndpoint.ps1|modules\Public\PublicFunctions\Diagram\Start-ARIDiagramJob.ps1|modules\Private\0.MainFunctions\Clear-ARICacheFolder.ps1|modules\Private\1.ExtractionFunctions\Get-ARISubscriptions.ps1|modules\Private\3.ReportingFunctions\Build-ARIAdvisoryReport.ps1|modules\Private\3.ReportingFunctions\StyleFunctions\Start-ARIExcelOrdening.ps1|modules\Private\LegacyFunctions\VisioDiagram.ps2|modules\Public\InventoryModules\AI\TextAnalytics.ps1|modules\Public\InventoryModules\Compute\AvailabilitySets.ps1|modules\Public\InventoryModules\Database\CosmosDB.ps1|modules\Public\InventoryModules\Hybrid\ARCServers.ps1|modules\Public\InventoryModules\Network_1\NATGateway.ps1|modules\Public\InventoryModules\Network_2\PublicIP.ps1|modules\Public\PublicFunctions\Diagram\Start-ARIDiagramNetwork.ps1|modules\Private\0.MainFunctions\Clear-ARIMemory.ps1|modules\Private\1.ExtractionFunctions\Invoke-ARIInventoryLoop.ps1|modules\Private\3.ReportingFunctions\Build-ARIPolicyReport.ps1|modules\Private\3.ReportingFunctions\StyleFunctions\Support.json|modules\Public\InventoryModules\Module-template.tpl|modules\Public\InventoryModules\AI\Translator.ps1|modules\Public\InventoryModules\Compute\AVD.ps1|modules\Public\InventoryModules\Database\MariaDB.ps1|modules\Public\InventoryModules\Integration\APIM.ps1|modules\Public\InventoryModules\Network_1\PublicDNS.ps1|modules\Public\InventoryModules\Network_2\VirtualNetworkGateways.ps1|modules\Public\PublicFunctions\Diagram\Start-ARIDiagramOrganization.ps1|modules\Private\0.MainFunctions\Connect-ARILoginSession.ps1|modules\Private\1.ExtractionFunctions\Start-ARIGraphExtraction.ps1|modules\Private\3.ReportingFunctions\Build-ARIQuotaReport.ps1|modules\Private\4.RAMPFunctions\Export-ARIFedRamp.ps1|modules\Public\InventoryModules\AI\AzureAI.ps1|modules\Public\InventoryModules\Analytics\Databricks.ps1|modules\Public\InventoryModules\Compute\CloudServices.ps1|modules\Public\InventoryModules\Database\MySQL.ps1|modules\Public\InventoryModules\Integration\ServiceBUS.ps1|modules\Public\InventoryModules\Network_1\RouteTables.ps1|modules\Public\InventoryModules\Network_2\VirtualWAN.ps1|modules\Public\PublicFunctions\Diagram\Start-ARIDiagramSubscription.ps1|modules\Private\0.MainFunctions\Get-ARIUnsupportedData.ps1|modules\Private\1.ExtractionFunctions\ResourceDetails\Get-ARIVMQuotas.ps1|modules\Private\3.ReportingFunctions\Build-ARISecCenterReport.ps1|modules\Private\4.RAMPFunctions\Export-ARIStateRamp.ps1|modules\Public\InventoryModules\AI\ComputerVision.ps1|modules\Public\InventoryModules\Analytics\DataExplorerCluster.ps1|modules\Public\InventoryModules\Compute\VirtualMachine.ps1|modules\Public\InventoryModules\Database\MySQLflexible.ps1|modules\Public\InventoryModules\IoT\IOTHubs.ps1|modules\Public\InventoryModules\Network_1\TrafficManager.ps1|modules\Public\InventoryModules\Security\Vault.ps1|modules\Public\PublicFunctions\Diagram\Start-ARIDrawIODiagram.ps1|modules\Private\0.MainFunctions\Remove-ARIExcelProcess.ps1|modules\Private\1.ExtractionFunctions\ResourceDetails\Get-ARIVMSkuDetails.ps1|modules\Private\3.ReportingFunctions\Build-ARISubsReport.ps1|modules\Private\4.RAMPFunctions\FedRAMP-Inventory-Template.xlsx|modules\Public\InventoryModules\AI\ContentModerator.ps1|modules\Public\InventoryModules\Analytics\EvtHub.ps1|modules\Public\InventoryModules\Compute\VirtualMachineScaleSet.ps1|modules\Public\InventoryModules\Database\POSTGRE.ps1|modules\Public\InventoryModules\Management\AutomationAccounts.ps1|modules\Public\InventoryModules\Network_1\VirtualNetwork.ps1|modules\Public\InventoryModules\Storage\NetApp.ps1|modules\Public\PublicFunctions\Jobs\Start-ARIAdvisoryJob.ps1|modules\Private\0.MainFunctions\Set-ARIFolder.ps1|modules\Private\2.ProcessingFunctions\Build-ARICacheFiles.ps1|modules\Private\3.ReportingFunctions\Start-ARIExcelExtraData.ps1|modules\Private\4.RAMPFunctions\Start-ARIMappingFedRAMP.ps1|modules\Public\InventoryModules\AI\ContentSafety.ps1|modules\Public\InventoryModules\Analytics\Purview.ps1|modules\Public\InventoryModules\Compute\VMDisk.ps1|modules\Public\InventoryModules\Database\POSTGREFlexible.ps1|modules\Public\InventoryModules\Management\Backup.ps1|modules\Public\InventoryModules\Network_1\vNETPeering.ps1|modules\Public\InventoryModules\Storage\StorageAccounts.ps1|modules\Public\PublicFunctions\Jobs\Start-ARIPolicyJob.ps1|modules\Private\0.MainFunctions\Set-ARIReportPath.ps1|modules\Private\2.ProcessingFunctions\Invoke-ARIAdvisoryJob.ps1|modules\Private\3.ReportingFunctions\Start-ARIExcelJob.ps1|modules\Private\4.RAMPFunctions\Start-ARIMappingStateRAMP.ps1|modules\Public\InventoryModules\AI\CustomVision.ps1|modules\Public\InventoryModules\Analytics\Streamanalytics.ps1|modules\Public\InventoryModules\Compute\VMWare.ps1|modules\Public\InventoryModules\Database\RedisCache.ps1|modules\Public\InventoryModules\Management\RecoveryVault.ps1|modules\Public\InventoryModules\Network_2\ApplicationGateways.ps1|modules\Public\InventoryModules\Web\APPServicePlan.ps1|modules\Public\PublicFunctions\Jobs\Start-ARISecCenterJob.ps1|modules\Private\0.MainFunctions\Start-ARIExtractionOrchestration.ps1|modules\Private\2.ProcessingFunctions\Invoke-ARIDrawIOJob.ps1|modules\Private\3.ReportingFunctions\Start-ARIExtraReports.ps1|modules\Private\4.RAMPFunctions\Start-ARIProcessGovRAMP.ps1|modules\Public\InventoryModules\AI\FaceAPI.ps1|modules\Public\InventoryModules\Analytics\Synapse.ps1|modules\Public\InventoryModules\Container\AKS.ps1|modules\Public\InventoryModules\Database\SQLDB.ps1|modules\Public\InventoryModules\Monitoring\AppInsights.ps1|modules\Public\InventoryModules\Network_2\AzureFirewall.ps1|modules\Public\InventoryModules\Web\APPServices.ps1|modules\Public\PublicFunctions\Jobs\Start-ARISubscriptionJob.ps1|modules\Private\0.MainFunctions\Start-ARIProcessOrchestration.ps1|modules\Private\2.ProcessingFunctions\Invoke-ARIPolicyJob.ps1|modules\Private\3.ReportingFunctions\StyleFunctions\Build-ARIExcelChart.ps1|modules\Private\4.RAMPFunctions\StateRAMP-Inventory-Template.xlsx|modules\Public\InventoryModules\AI\FormRecognizer.ps1|modules\Public\InventoryModules\APIs\AdvisorScore.ps1|modules\Public\InventoryModules\Container\ARO.ps1|modules\Public\InventoryModules\Database\SQLMI.ps1|modules\Public\InventoryModules\Monitoring\Workspaces.ps1|modules\Public\InventoryModules\Network_2\Frontdoor.ps1|modules\Public\PublicFunctions\Invoke-ARI.ps1|modules\Public\PublicFunctions\Jobs\Wait-ARIJob.ps1|modules\Private\0.MainFunctions\Start-ARIReporOrchestration.ps1|modules\Private\2.ProcessingFunctions\Invoke-ARISecurityCenterJob.ps1|modules\Private\3.ReportingFunctions\StyleFunctions\Build-ARIExcelComObject.ps1|modules\Private\LegacyFunctions\Build-ARILargeReportResources.ps2|modules\Public\InventoryModules\AI\HealthInsights.ps1|modules\Private\0.MainFunctions\Test-ARIPS.ps1|modules\Private\2.ProcessingFunctions\Invoke-ARISubJob.ps1|modules\Private\3.ReportingFunctions\StyleFunctions\Build-ARIExcelinitialBlock.ps1|modules\Private\LegacyFunctions\Start-ARIAutResourceJob.ps2</S>
          <S N="GUID">94bc2a7f-e865-426a-a054-cebde278a355</S>
          <S N="PowerShellVersion">7.0</S>
          <S N="CompanyName">Claudio Merola</S>
        </MS>
      </Obj>
      <S N="InstalledLocation">/Users/warrenchu/Modules/AzureResourceInventory/3.6.9</S>
    </MS>
  </Obj>
</Objs>
