<Objs Version="1.1.0.1" xmlns="http://schemas.microsoft.com/powershell/2004/04">
  <Obj RefId="0">
    <TN RefId="0">
      <T>Microsoft.PowerShell.Commands.PSRepositoryItemInfo</T>
      <T>System.Management.Automation.PSCustomObject</T>
      <T>System.Object</T>
    </TN>
    <MS>
      <S N="Name">Az.Compute</S>
      <S N="Version">10.0.1</S>
      <S N="Type">Module</S>
      <S N="Description">Microsoft Azure PowerShell - Compute service cmdlets for Azure Resource Manager in Windows PowerShell and PowerShell Core.  Manages virtual machines, hosted services, and related resources in Azure Resource Manager._x000D__x000A__x000D__x000A_For more information on Virtual Machines, please visit the following: https://learn.microsoft.com/azure/virtual-machines/_x000D__x000A_For more information on Virtual Machine Scale Sets, please visit the following: https://learn.microsoft.com/azure/virtual-machine-scale-sets/</S>
      <S N="Author">Microsoft Corporation</S>
      <S N="CompanyName">azure-sdk</S>
      <S N="Copyright">Microsoft Corporation. All rights reserved.</S>
      <DT N="PublishedDate">2025-06-03T02:51:22-05:00</DT>
      <Nil N="InstalledDate" />
      <Nil N="UpdatedDate" />
      <URI N="LicenseUri">https://aka.ms/azps-license</URI>
      <URI N="ProjectUri">https://github.com/Azure/azure-powershell</URI>
      <Nil N="IconUri" />
      <Obj N="Tags" RefId="1">
        <TN RefId="1">
          <T>System.Object[]</T>
          <T>System.Array</T>
          <T>System.Object</T>
        </TN>
        <LST>
          <S>Azure</S>
          <S>ResourceManager</S>
          <S>ARM</S>
          <S>Compute</S>
          <S>IAAS</S>
          <S>VM</S>
          <S>VirtualMachine</S>
          <S>PSModule</S>
          <S>PSEdition_Core</S>
          <S>PSEdition_Desktop</S>
        </LST>
      </Obj>
      <Obj N="Includes" RefId="2">
        <TN RefId="2">
          <T>System.Collections.Hashtable</T>
          <T>System.Object</T>
        </TN>
        <DCT>
          <En>
            <S N="Key">Workflow</S>
            <Obj N="Value" RefId="3">
              <TNRef RefId="1" />
              <LST />
            </Obj>
          </En>
          <En>
            <S N="Key">RoleCapability</S>
            <Ref N="Value" RefId="3" />
          </En>
          <En>
            <S N="Key">Cmdlet</S>
            <Obj N="Value" RefId="4">
              <TNRef RefId="1" />
              <LST>
                <S>Add-AzImageDataDisk</S>
                <S>Add-AzVhd</S>
                <S>Add-AzVMAdditionalUnattendContent</S>
                <S>Add-AzVMDataDisk</S>
                <S>Add-AzVmGalleryApplication</S>
                <S>Add-AzVMNetworkInterface</S>
                <S>Add-AzVMSecret</S>
                <S>Add-AzVmssAdditionalUnattendContent</S>
                <S>Add-AzVmssDataDisk</S>
                <S>Add-AzVmssDiagnosticsExtension</S>
                <S>Add-AzVmssExtension</S>
                <S>Add-AzVmssGalleryApplication</S>
                <S>Add-AzVMSshPublicKey</S>
                <S>Add-AzVmssNetworkInterfaceConfiguration</S>
                <S>Add-AzVmssSkuProfileVMSize</S>
                <S>Remove-AzVmssSkuProfileVMSize</S>
                <S>Add-AzVmssRunCommand</S>
                <S>Add-AzVmssSecret</S>
                <S>Add-AzVmssSshPublicKey</S>
                <S>Add-AzVmssVMDataDisk</S>
                <S>Add-AzVmssWinRMListener</S>
                <S>ConvertTo-AzVMManagedDisk</S>
                <S>Disable-AzVMDiskEncryption</S>
                <S>Disable-AzVmssDiskEncryption</S>
                <S>Export-AzLogAnalyticRequestRateByInterval</S>
                <S>Export-AzLogAnalyticThrottledRequest</S>
                <S>Get-AzAvailabilitySet</S>
                <S>Get-AzCapacityReservation</S>
                <S>Get-AzCapacityReservationGroup</S>
                <S>Get-AzComputeResourceSku</S>
                <S>Get-AzDisk</S>
                <S>Get-AzDiskAccess</S>
                <S>Get-AzDiskEncryptionSet</S>
                <S>Get-AzDiskEncryptionSetAssociatedResource</S>
                <S>Get-AzGallery</S>
                <S>Get-AzGalleryImageDefinition</S>
                <S>Get-AzGalleryImageVersion</S>
                <S>Get-AzHost</S>
                <S>Get-AzHostGroup</S>
                <S>Get-AzHostSize</S>
                <S>Get-AzImage</S>
                <S>Get-AzProximityPlacementGroup</S>
                <S>Get-AzRemoteDesktopFile</S>
                <S>Get-AzRestorePoint</S>
                <S>Get-AzRestorePointCollection</S>
                <S>Get-AzSnapshot</S>
                <S>Get-AzSshKey</S>
                <S>Get-AzVM</S>
                <S>Get-AzVMAccessExtension</S>
                <S>Get-AzVMADDomainExtension</S>
                <S>Get-AzVMAEMExtension</S>
                <S>Get-AzVMBootDiagnosticsData</S>
                <S>Get-AzVMChefExtension</S>
                <S>Get-AzVMCustomScriptExtension</S>
                <S>Get-AzVMDiagnosticsExtension</S>
                <S>Get-AzVMDiskEncryptionStatus</S>
                <S>Get-AzVMDscExtension</S>
                <S>Get-AzVMDscExtensionStatus</S>
                <S>Get-AzVMExtension</S>
                <S>Get-AzVMExtensionImage</S>
                <S>Get-AzVMExtensionImageType</S>
                <S>Get-AzVMImage</S>
                <S>Get-AzVMImageOffer</S>
                <S>Get-AzVMImagePublisher</S>
                <S>Get-AzVMImageSku</S>
                <S>Get-AzVMRunCommand</S>
                <S>Get-AzVMRunCommandDocument</S>
                <S>Get-AzVMSize</S>
                <S>Get-AzVMSqlServerExtension</S>
                <S>Get-AzVmss</S>
                <S>Get-AzVmssDiskEncryption</S>
                <S>Get-AzVmssRollingUpgrade</S>
                <S>Get-AzVmssSku</S>
                <S>Get-AzVmssVM</S>
                <S>Get-AzVmssVMDiskEncryption</S>
                <S>Get-AzVmssVMRunCommand</S>
                <S>Get-AzVMUsage</S>
                <S>Grant-AzDiskAccess</S>
                <S>Grant-AzSnapshotAccess</S>
                <S>Invoke-AzVMInstallPatch</S>
                <S>Invoke-AzVMPatchAssessment</S>
                <S>Invoke-AzVMReimage</S>
                <S>Invoke-AzVMRunCommand</S>
                <S>Invoke-AzVmssVMRunCommand</S>
                <S>New-AzAvailabilitySet</S>
                <S>New-AzCapacityReservation</S>
                <S>New-AzCapacityReservationGroup</S>
                <S>New-AzDisk</S>
                <S>New-AzDiskAccess</S>
                <S>New-AzDiskConfig</S>
                <S>New-AzDiskEncryptionSet</S>
                <S>New-AzDiskEncryptionSetConfig</S>
                <S>New-AzDiskPurchasePlanConfig</S>
                <S>New-AzDiskUpdateConfig</S>
                <S>New-AzGallery</S>
                <S>New-AzGalleryImageDefinition</S>
                <S>New-AzGalleryImageVersion</S>
                <S>New-AzHost</S>
                <S>New-AzHostGroup</S>
                <S>New-AzImage</S>
                <S>New-AzImageConfig</S>
                <S>New-AzProximityPlacementGroup</S>
                <S>New-AzRestorePoint</S>
                <S>New-AzRestorePointCollection</S>
                <S>New-AzSnapshot</S>
                <S>New-AzSnapshotConfig</S>
                <S>New-AzSnapshotUpdateConfig</S>
                <S>New-AzSshKey</S>
                <S>New-AzVM</S>
                <S>New-AzVMConfig</S>
                <S>New-AzVMDataDisk</S>
                <S>New-AzVmGalleryApplication</S>
                <S>New-AzVMSqlServerAutoBackupConfig</S>
                <S>New-AzVMSqlServerAutoPatchingConfig</S>
                <S>New-AzVMSqlServerKeyVaultCredentialConfig</S>
                <S>New-AzVmss</S>
                <S>New-AzVmssConfig</S>
                <S>New-AzVmssGalleryApplication</S>
                <S>New-AzVmssIpConfig</S>
                <S>New-AzVmssIpTagConfig</S>
                <S>New-AzVmssVaultCertificateConfig</S>
                <S>Publish-AzVMDscConfiguration</S>
                <S>Remove-AzAvailabilitySet</S>
                <S>Remove-AzCapacityReservation</S>
                <S>Remove-AzCapacityReservationGroup</S>
                <S>Remove-AzDisk</S>
                <S>Remove-AzDiskAccess</S>
                <S>Remove-AzDiskEncryptionSet</S>
                <S>Remove-AzGallery</S>
                <S>Remove-AzGalleryImageDefinition</S>
                <S>Remove-AzGalleryImageVersion</S>
                <S>Remove-AzHost</S>
                <S>Remove-AzHostGroup</S>
                <S>Remove-AzImage</S>
                <S>Remove-AzImageDataDisk</S>
                <S>Remove-AzProximityPlacementGroup</S>
                <S>Remove-AzRestorePoint</S>
                <S>Remove-AzRestorePointCollection</S>
                <S>Remove-AzSnapshot</S>
                <S>Remove-AzSshKey</S>
                <S>Remove-AzVM</S>
                <S>Remove-AzVMAccessExtension</S>
                <S>Remove-AzVMAEMExtension</S>
                <S>Remove-AzVMBackup</S>
                <S>Remove-AzVMChefExtension</S>
                <S>Remove-AzVMCustomScriptExtension</S>
                <S>Remove-AzVMDataDisk</S>
                <S>Remove-AzVMDiagnosticsExtension</S>
                <S>Remove-AzVMDiskEncryptionExtension</S>
                <S>Remove-AzVMDscExtension</S>
                <S>Remove-AzVMExtension</S>
                <S>Remove-AzVmGalleryApplication</S>
                <S>Remove-AzVMNetworkInterface</S>
                <S>Remove-AzVMSecret</S>
                <S>Remove-AzVMSqlServerExtension</S>
                <S>Remove-AzVmss</S>
                <S>Remove-AzVmssDataDisk</S>
                <S>Remove-AzVmssDiagnosticsExtension</S>
                <S>Remove-AzVmssExtension</S>
                <S>Remove-AzVmssGalleryApplication</S>
                <S>Remove-AzVmssNetworkInterfaceConfiguration</S>
                <S>Remove-AzVmssRunCommand</S>
                <S>Remove-AzVmssVMDataDisk</S>
                <S>Repair-AzVmssServiceFabricUpdateDomain</S>
                <S>Restart-AzHost</S>
                <S>Restart-AzVM</S>
                <S>Restart-AzVmss</S>
                <S>Revoke-AzDiskAccess</S>
                <S>Revoke-AzSnapshotAccess</S>
                <S>Save-AzVhd</S>
                <S>Save-AzVMImage</S>
                <S>Set-AzDiskDiskEncryptionKey</S>
                <S>Set-AzDiskImageReference</S>
                <S>Set-AzDiskKeyEncryptionKey</S>
                <S>Set-AzDiskSecurityProfile</S>
                <S>Set-AzDiskUpdateDiskEncryptionKey</S>
                <S>Set-AzDiskUpdateKeyEncryptionKey</S>
                <S>Set-AzImageOsDisk</S>
                <S>Set-AzSnapshotDiskEncryptionKey</S>
                <S>Set-AzSnapshotImageReference</S>
                <S>Set-AzSnapshotKeyEncryptionKey</S>
                <S>Set-AzSnapshotUpdateDiskEncryptionKey</S>
                <S>Set-AzSnapshotUpdateKeyEncryptionKey</S>
                <S>Set-AzVM</S>
                <S>Set-AzVMAccessExtension</S>
                <S>Set-AzVMADDomainExtension</S>
                <S>Set-AzVMAEMExtension</S>
                <S>Set-AzVMBackupExtension</S>
                <S>Set-AzVMBginfoExtension</S>
                <S>Set-AzVMBootDiagnostic</S>
                <S>Set-AzVMChefExtension</S>
                <S>Set-AzVMCustomScriptExtension</S>
                <S>Set-AzVMDataDisk</S>
                <S>Set-AzVMDiagnosticsExtension</S>
                <S>Set-AzVMDiskEncryptionExtension</S>
                <S>Set-AzVMDscExtension</S>
                <S>Set-AzVMExtension</S>
                <S>Set-AzVMOperatingSystem</S>
                <S>Set-AzVMOSDisk</S>
                <S>Set-AzVMPlan</S>
                <S>Set-AzVMSecurityProfile</S>
                <S>Set-AzVMSourceImage</S>
                <S>Set-AzVMSqlServerExtension</S>
                <S>Set-AzVmss</S>
                <S>Set-AzVmssBootDiagnostic</S>
                <S>Set-AzVmssDiskEncryptionExtension</S>
                <S>Set-AzVmssOrchestrationServiceState</S>
                <S>Set-AzVmssOsProfile</S>
                <S>Set-AzVmssRollingUpgradePolicy</S>
                <S>Set-AzVmssSecurityProfile</S>
                <S>Set-AzVmssStorageProfile</S>
                <S>Set-AzVmssUefi</S>
                <S>Set-AzVmssVM</S>
                <S>Set-AzVMUefi</S>
                <S>Start-AzVM</S>
                <S>Start-AzVmss</S>
                <S>Start-AzVmssRollingExtensionUpgrade</S>
                <S>Start-AzVmssRollingOSUpgrade</S>
                <S>Stop-AzVM</S>
                <S>Stop-AzVmss</S>
                <S>Stop-AzVmssRollingUpgrade</S>
                <S>Test-AzVMAEMExtension</S>
                <S>Update-AzAvailabilitySet</S>
                <S>Update-AzCapacityReservation</S>
                <S>Update-AzCapacityReservationGroup</S>
                <S>Update-AzDisk</S>
                <S>Update-AzDiskEncryptionSet</S>
                <S>Update-AzGallery</S>
                <S>Update-AzGalleryImageDefinition</S>
                <S>Update-AzGalleryImageVersion</S>
                <S>Update-AzHost</S>
                <S>Update-AzImage</S>
                <S>Update-AzRestorePointCollection</S>
                <S>Update-AzSnapshot</S>
                <S>Update-AzSshKey</S>
                <S>Update-AzVM</S>
                <S>Update-AzVmss</S>
                <S>Update-AzVmssInstance</S>
                <S>Update-AzVmssVM</S>
              </LST>
            </Obj>
          </En>
          <En>
            <S N="Key">Function</S>
            <Obj N="Value" RefId="5">
              <TNRef RefId="1" />
              <LST>
                <S>Get-AzGalleryApplication</S>
                <S>Get-AzGalleryApplicationVersion</S>
                <S>Invoke-AzSpotPlacementScore</S>
                <S>New-AzGalleryApplication</S>
                <S>New-AzGalleryApplicationVersion</S>
                <S>Remove-AzGalleryApplication</S>
                <S>Remove-AzGalleryApplicationVersion</S>
                <S>Remove-AzVMRunCommand</S>
                <S>Remove-AzVmssVMRunCommand</S>
                <S>Set-AzVMRunCommand</S>
                <S>Set-AzVmssVMRunCommand</S>
                <S>Update-AzGalleryApplication</S>
                <S>Update-AzGalleryApplicationVersion</S>
              </LST>
            </Obj>
          </En>
          <En>
            <S N="Key">Command</S>
            <Obj N="Value" RefId="6">
              <TNRef RefId="1" />
              <LST>
                <S>Add-AzImageDataDisk</S>
                <S>Add-AzVhd</S>
                <S>Add-AzVMAdditionalUnattendContent</S>
                <S>Add-AzVMDataDisk</S>
                <S>Add-AzVmGalleryApplication</S>
                <S>Add-AzVMNetworkInterface</S>
                <S>Add-AzVMSecret</S>
                <S>Add-AzVmssAdditionalUnattendContent</S>
                <S>Add-AzVmssDataDisk</S>
                <S>Add-AzVmssDiagnosticsExtension</S>
                <S>Add-AzVmssExtension</S>
                <S>Add-AzVmssGalleryApplication</S>
                <S>Add-AzVMSshPublicKey</S>
                <S>Add-AzVmssNetworkInterfaceConfiguration</S>
                <S>Add-AzVmssSkuProfileVMSize</S>
                <S>Remove-AzVmssSkuProfileVMSize</S>
                <S>Add-AzVmssRunCommand</S>
                <S>Add-AzVmssSecret</S>
                <S>Add-AzVmssSshPublicKey</S>
                <S>Add-AzVmssVMDataDisk</S>
                <S>Add-AzVmssWinRMListener</S>
                <S>ConvertTo-AzVMManagedDisk</S>
                <S>Disable-AzVMDiskEncryption</S>
                <S>Disable-AzVmssDiskEncryption</S>
                <S>Export-AzLogAnalyticRequestRateByInterval</S>
                <S>Export-AzLogAnalyticThrottledRequest</S>
                <S>Get-AzAvailabilitySet</S>
                <S>Get-AzCapacityReservation</S>
                <S>Get-AzCapacityReservationGroup</S>
                <S>Get-AzComputeResourceSku</S>
                <S>Get-AzDisk</S>
                <S>Get-AzDiskAccess</S>
                <S>Get-AzDiskEncryptionSet</S>
                <S>Get-AzDiskEncryptionSetAssociatedResource</S>
                <S>Get-AzGallery</S>
                <S>Get-AzGalleryImageDefinition</S>
                <S>Get-AzGalleryImageVersion</S>
                <S>Get-AzHost</S>
                <S>Get-AzHostGroup</S>
                <S>Get-AzHostSize</S>
                <S>Get-AzImage</S>
                <S>Get-AzProximityPlacementGroup</S>
                <S>Get-AzRemoteDesktopFile</S>
                <S>Get-AzRestorePoint</S>
                <S>Get-AzRestorePointCollection</S>
                <S>Get-AzSnapshot</S>
                <S>Get-AzSshKey</S>
                <S>Get-AzVM</S>
                <S>Get-AzVMAccessExtension</S>
                <S>Get-AzVMADDomainExtension</S>
                <S>Get-AzVMAEMExtension</S>
                <S>Get-AzVMBootDiagnosticsData</S>
                <S>Get-AzVMChefExtension</S>
                <S>Get-AzVMCustomScriptExtension</S>
                <S>Get-AzVMDiagnosticsExtension</S>
                <S>Get-AzVMDiskEncryptionStatus</S>
                <S>Get-AzVMDscExtension</S>
                <S>Get-AzVMDscExtensionStatus</S>
                <S>Get-AzVMExtension</S>
                <S>Get-AzVMExtensionImage</S>
                <S>Get-AzVMExtensionImageType</S>
                <S>Get-AzVMImage</S>
                <S>Get-AzVMImageOffer</S>
                <S>Get-AzVMImagePublisher</S>
                <S>Get-AzVMImageSku</S>
                <S>Get-AzVMRunCommand</S>
                <S>Get-AzVMRunCommandDocument</S>
                <S>Get-AzVMSize</S>
                <S>Get-AzVMSqlServerExtension</S>
                <S>Get-AzVmss</S>
                <S>Get-AzVmssDiskEncryption</S>
                <S>Get-AzVmssRollingUpgrade</S>
                <S>Get-AzVmssSku</S>
                <S>Get-AzVmssVM</S>
                <S>Get-AzVmssVMDiskEncryption</S>
                <S>Get-AzVmssVMRunCommand</S>
                <S>Get-AzVMUsage</S>
                <S>Grant-AzDiskAccess</S>
                <S>Grant-AzSnapshotAccess</S>
                <S>Invoke-AzVMInstallPatch</S>
                <S>Invoke-AzVMPatchAssessment</S>
                <S>Invoke-AzVMReimage</S>
                <S>Invoke-AzVMRunCommand</S>
                <S>Invoke-AzVmssVMRunCommand</S>
                <S>New-AzAvailabilitySet</S>
                <S>New-AzCapacityReservation</S>
                <S>New-AzCapacityReservationGroup</S>
                <S>New-AzDisk</S>
                <S>New-AzDiskAccess</S>
                <S>New-AzDiskConfig</S>
                <S>New-AzDiskEncryptionSet</S>
                <S>New-AzDiskEncryptionSetConfig</S>
                <S>New-AzDiskPurchasePlanConfig</S>
                <S>New-AzDiskUpdateConfig</S>
                <S>New-AzGallery</S>
                <S>New-AzGalleryImageDefinition</S>
                <S>New-AzGalleryImageVersion</S>
                <S>New-AzHost</S>
                <S>New-AzHostGroup</S>
                <S>New-AzImage</S>
                <S>New-AzImageConfig</S>
                <S>New-AzProximityPlacementGroup</S>
                <S>New-AzRestorePoint</S>
                <S>New-AzRestorePointCollection</S>
                <S>New-AzSnapshot</S>
                <S>New-AzSnapshotConfig</S>
                <S>New-AzSnapshotUpdateConfig</S>
                <S>New-AzSshKey</S>
                <S>New-AzVM</S>
                <S>New-AzVMConfig</S>
                <S>New-AzVMDataDisk</S>
                <S>New-AzVmGalleryApplication</S>
                <S>New-AzVMSqlServerAutoBackupConfig</S>
                <S>New-AzVMSqlServerAutoPatchingConfig</S>
                <S>New-AzVMSqlServerKeyVaultCredentialConfig</S>
                <S>New-AzVmss</S>
                <S>New-AzVmssConfig</S>
                <S>New-AzVmssGalleryApplication</S>
                <S>New-AzVmssIpConfig</S>
                <S>New-AzVmssIpTagConfig</S>
                <S>New-AzVmssVaultCertificateConfig</S>
                <S>Publish-AzVMDscConfiguration</S>
                <S>Remove-AzAvailabilitySet</S>
                <S>Remove-AzCapacityReservation</S>
                <S>Remove-AzCapacityReservationGroup</S>
                <S>Remove-AzDisk</S>
                <S>Remove-AzDiskAccess</S>
                <S>Remove-AzDiskEncryptionSet</S>
                <S>Remove-AzGallery</S>
                <S>Remove-AzGalleryImageDefinition</S>
                <S>Remove-AzGalleryImageVersion</S>
                <S>Remove-AzHost</S>
                <S>Remove-AzHostGroup</S>
                <S>Remove-AzImage</S>
                <S>Remove-AzImageDataDisk</S>
                <S>Remove-AzProximityPlacementGroup</S>
                <S>Remove-AzRestorePoint</S>
                <S>Remove-AzRestorePointCollection</S>
                <S>Remove-AzSnapshot</S>
                <S>Remove-AzSshKey</S>
                <S>Remove-AzVM</S>
                <S>Remove-AzVMAccessExtension</S>
                <S>Remove-AzVMAEMExtension</S>
                <S>Remove-AzVMBackup</S>
                <S>Remove-AzVMChefExtension</S>
                <S>Remove-AzVMCustomScriptExtension</S>
                <S>Remove-AzVMDataDisk</S>
                <S>Remove-AzVMDiagnosticsExtension</S>
                <S>Remove-AzVMDiskEncryptionExtension</S>
                <S>Remove-AzVMDscExtension</S>
                <S>Remove-AzVMExtension</S>
                <S>Remove-AzVmGalleryApplication</S>
                <S>Remove-AzVMNetworkInterface</S>
                <S>Remove-AzVMSecret</S>
                <S>Remove-AzVMSqlServerExtension</S>
                <S>Remove-AzVmss</S>
                <S>Remove-AzVmssDataDisk</S>
                <S>Remove-AzVmssDiagnosticsExtension</S>
                <S>Remove-AzVmssExtension</S>
                <S>Remove-AzVmssGalleryApplication</S>
                <S>Remove-AzVmssNetworkInterfaceConfiguration</S>
                <S>Remove-AzVmssRunCommand</S>
                <S>Remove-AzVmssVMDataDisk</S>
                <S>Repair-AzVmssServiceFabricUpdateDomain</S>
                <S>Restart-AzHost</S>
                <S>Restart-AzVM</S>
                <S>Restart-AzVmss</S>
                <S>Revoke-AzDiskAccess</S>
                <S>Revoke-AzSnapshotAccess</S>
                <S>Save-AzVhd</S>
                <S>Save-AzVMImage</S>
                <S>Set-AzDiskDiskEncryptionKey</S>
                <S>Set-AzDiskImageReference</S>
                <S>Set-AzDiskKeyEncryptionKey</S>
                <S>Set-AzDiskSecurityProfile</S>
                <S>Set-AzDiskUpdateDiskEncryptionKey</S>
                <S>Set-AzDiskUpdateKeyEncryptionKey</S>
                <S>Set-AzImageOsDisk</S>
                <S>Set-AzSnapshotDiskEncryptionKey</S>
                <S>Set-AzSnapshotImageReference</S>
                <S>Set-AzSnapshotKeyEncryptionKey</S>
                <S>Set-AzSnapshotUpdateDiskEncryptionKey</S>
                <S>Set-AzSnapshotUpdateKeyEncryptionKey</S>
                <S>Set-AzVM</S>
                <S>Set-AzVMAccessExtension</S>
                <S>Set-AzVMADDomainExtension</S>
                <S>Set-AzVMAEMExtension</S>
                <S>Set-AzVMBackupExtension</S>
                <S>Set-AzVMBginfoExtension</S>
                <S>Set-AzVMBootDiagnostic</S>
                <S>Set-AzVMChefExtension</S>
                <S>Set-AzVMCustomScriptExtension</S>
                <S>Set-AzVMDataDisk</S>
                <S>Set-AzVMDiagnosticsExtension</S>
                <S>Set-AzVMDiskEncryptionExtension</S>
                <S>Set-AzVMDscExtension</S>
                <S>Set-AzVMExtension</S>
                <S>Set-AzVMOperatingSystem</S>
                <S>Set-AzVMOSDisk</S>
                <S>Set-AzVMPlan</S>
                <S>Set-AzVMSecurityProfile</S>
                <S>Set-AzVMSourceImage</S>
                <S>Set-AzVMSqlServerExtension</S>
                <S>Set-AzVmss</S>
                <S>Set-AzVmssBootDiagnostic</S>
                <S>Set-AzVmssDiskEncryptionExtension</S>
                <S>Set-AzVmssOrchestrationServiceState</S>
                <S>Set-AzVmssOsProfile</S>
                <S>Set-AzVmssRollingUpgradePolicy</S>
                <S>Set-AzVmssSecurityProfile</S>
                <S>Set-AzVmssStorageProfile</S>
                <S>Set-AzVmssUefi</S>
                <S>Set-AzVmssVM</S>
                <S>Set-AzVMUefi</S>
                <S>Start-AzVM</S>
                <S>Start-AzVmss</S>
                <S>Start-AzVmssRollingExtensionUpgrade</S>
                <S>Start-AzVmssRollingOSUpgrade</S>
                <S>Stop-AzVM</S>
                <S>Stop-AzVmss</S>
                <S>Stop-AzVmssRollingUpgrade</S>
                <S>Test-AzVMAEMExtension</S>
                <S>Update-AzAvailabilitySet</S>
                <S>Update-AzCapacityReservation</S>
                <S>Update-AzCapacityReservationGroup</S>
                <S>Update-AzDisk</S>
                <S>Update-AzDiskEncryptionSet</S>
                <S>Update-AzGallery</S>
                <S>Update-AzGalleryImageDefinition</S>
                <S>Update-AzGalleryImageVersion</S>
                <S>Update-AzHost</S>
                <S>Update-AzImage</S>
                <S>Update-AzRestorePointCollection</S>
                <S>Update-AzSnapshot</S>
                <S>Update-AzSshKey</S>
                <S>Update-AzVM</S>
                <S>Update-AzVmss</S>
                <S>Update-AzVmssInstance</S>
                <S>Update-AzVmssVM</S>
                <S>Get-AzGalleryApplication</S>
                <S>Get-AzGalleryApplicationVersion</S>
                <S>Invoke-AzSpotPlacementScore</S>
                <S>New-AzGalleryApplication</S>
                <S>New-AzGalleryApplicationVersion</S>
                <S>Remove-AzGalleryApplication</S>
                <S>Remove-AzGalleryApplicationVersion</S>
                <S>Remove-AzVMRunCommand</S>
                <S>Remove-AzVmssVMRunCommand</S>
                <S>Set-AzVMRunCommand</S>
                <S>Set-AzVmssVMRunCommand</S>
                <S>Update-AzGalleryApplication</S>
                <S>Update-AzGalleryApplicationVersion</S>
              </LST>
            </Obj>
          </En>
          <En>
            <S N="Key">DscResource</S>
            <Ref N="Value" RefId="3" />
          </En>
        </DCT>
      </Obj>
      <Nil N="PowerShellGetFormatVersion" />
      <S N="ReleaseNotes">* Added breaking change message for 'New-AzVM' and 'New-AzVmss' cmdlets.</S>
      <Obj N="Dependencies" RefId="7">
        <TNRef RefId="1" />
        <LST>
          <Obj RefId="8">
            <TN RefId="3">
              <T>System.Collections.Specialized.OrderedDictionary</T>
              <T>System.Object</T>
            </TN>
            <DCT>
              <En>
                <S N="Key">Name</S>
                <S N="Value">Az.Accounts</S>
              </En>
              <En>
                <S N="Key">MinimumVersion</S>
                <S N="Value">5.0.2</S>
              </En>
              <En>
                <S N="Key">CanonicalId</S>
                <S N="Value">nuget:Az.Accounts/5.0.2</S>
              </En>
            </DCT>
          </Obj>
        </LST>
      </Obj>
      <S N="RepositorySourceLocation">https://www.powershellgallery.com/api/v2</S>
      <S N="Repository">PSGallery</S>
      <S N="PackageManagementProvider">NuGet</S>
      <Obj N="AdditionalMetadata" RefId="9">
        <TN RefId="4">
          <T>System.Management.Automation.PSCustomObject</T>
          <T>System.Object</T>
        </TN>
        <MS>
          <S N="copyright">Microsoft Corporation. All rights reserved.</S>
          <S N="description">Microsoft Azure PowerShell - Compute service cmdlets for Azure Resource Manager in Windows PowerShell and PowerShell Core.  Manages virtual machines, hosted services, and related resources in Azure Resource Manager._x000D__x000A__x000D__x000A_For more information on Virtual Machines, please visit the following: https://learn.microsoft.com/azure/virtual-machines/_x000D__x000A_For more information on Virtual Machine Scale Sets, please visit the following: https://learn.microsoft.com/azure/virtual-machine-scale-sets/</S>
          <S N="requireLicenseAcceptance">True</S>
          <S N="releaseNotes">* Added breaking change message for 'New-AzVM' and 'New-AzVmss' cmdlets.</S>
          <S N="isLatestVersion">True</S>
          <S N="isAbsoluteLatestVersion">True</S>
          <S N="versionDownloadCount">1756129</S>
          <S N="downloadCount">185459892</S>
          <S N="packageSize">3216188</S>
          <S N="published">6/3/2025 2:51:22 AM -05:00</S>
          <S N="created">6/3/2025 2:51:22 AM -05:00</S>
          <S N="lastUpdated">6/12/2025 6:20:00 PM -05:00</S>
          <S N="tags">Azure ResourceManager ARM Compute IAAS VM VirtualMachine PSModule PSEdition_Core PSEdition_Desktop PSCmdlet_Add-AzImageDataDisk PSCommand_Add-AzImageDataDisk PSCmdlet_Add-AzVhd PSCommand_Add-AzVhd PSCmdlet_Add-AzVMAdditionalUnattendContent PSCommand_Add-AzVMAdditionalUnattendContent PSCmdlet_Add-AzVMDataDisk PSCommand_Add-AzVMDataDisk PSCmdlet_Add-AzVmGalleryApplication PSCommand_Add-AzVmGalleryApplication PSCmdlet_Add-AzVMNetworkInterface PSCommand_Add-AzVMNetworkInterface PSCmdlet_Add-AzVMSecret PSCommand_Add-AzVMSecret PSCmdlet_Add-AzVmssAdditionalUnattendContent PSCommand_Add-AzVmssAdditionalUnattendContent PSCmdlet_Add-AzVmssDataDisk PSCommand_Add-AzVmssDataDisk PSCmdlet_Add-AzVmssDiagnosticsExtension PSCommand_Add-AzVmssDiagnosticsExtension PSCmdlet_Add-AzVmssExtension PSCommand_Add-AzVmssExtension PSCmdlet_Add-AzVmssGalleryApplication PSCommand_Add-AzVmssGalleryApplication PSCmdlet_Add-AzVMSshPublicKey PSCommand_Add-AzVMSshPublicKey PSCmdlet_Add-AzVmssNetworkInterfaceConfiguration PSCommand_Add-AzVmssNetworkInterfaceConfiguration PSCmdlet_Add-AzVmssSkuProfileVMSize PSCommand_Add-AzVmssSkuProfileVMSize PSCmdlet_Remove-AzVmssSkuProfileVMSize PSCommand_Remove-AzVmssSkuProfileVMSize PSCmdlet_Add-AzVmssRunCommand PSCommand_Add-AzVmssRunCommand PSCmdlet_Add-AzVmssSecret PSCommand_Add-AzVmssSecret PSCmdlet_Add-AzVmssSshPublicKey PSCommand_Add-AzVmssSshPublicKey PSCmdlet_Add-AzVmssVMDataDisk PSCommand_Add-AzVmssVMDataDisk PSCmdlet_Add-AzVmssWinRMListener PSCommand_Add-AzVmssWinRMListener PSCmdlet_ConvertTo-AzVMManagedDisk PSCommand_ConvertTo-AzVMManagedDisk PSCmdlet_Disable-AzVMDiskEncryption PSCommand_Disable-AzVMDiskEncryption PSCmdlet_Disable-AzVmssDiskEncryption PSCommand_Disable-AzVmssDiskEncryption PSCmdlet_Export-AzLogAnalyticRequestRateByInterval PSCommand_Export-AzLogAnalyticRequestRateByInterval PSCmdlet_Export-AzLogAnalyticThrottledRequest PSCommand_Export-AzLogAnalyticThrottledRequest PSCmdlet_Get-AzAvailabilitySet PSCommand_Get-AzAvailabilitySet PSCmdlet_Get-AzCapacityReservation PSCommand_Get-AzCapacityReservation PSCmdlet_Get-AzCapacityReservationGroup PSCommand_Get-AzCapacityReservationGroup PSCmdlet_Get-AzComputeResourceSku PSCommand_Get-AzComputeResourceSku PSCmdlet_Get-AzDisk PSCommand_Get-AzDisk PSCmdlet_Get-AzDiskAccess PSCommand_Get-AzDiskAccess PSCmdlet_Get-AzDiskEncryptionSet PSCommand_Get-AzDiskEncryptionSet PSCmdlet_Get-AzDiskEncryptionSetAssociatedResource PSCommand_Get-AzDiskEncryptionSetAssociatedResource PSCmdlet_Get-AzGallery PSCommand_Get-AzGallery PSCmdlet_Get-AzGalleryImageDefinition PSCommand_Get-AzGalleryImageDefinition PSCmdlet_Get-AzGalleryImageVersion PSCommand_Get-AzGalleryImageVersion PSCmdlet_Get-AzHost PSCommand_Get-AzHost PSCmdlet_Get-AzHostGroup PSCommand_Get-AzHostGroup PSCmdlet_Get-AzHostSize PSCommand_Get-AzHostSize PSCmdlet_Get-AzImage PSCommand_Get-AzImage PSCmdlet_Get-AzProximityPlacementGroup PSCommand_Get-AzProximityPlacementGroup PSCmdlet_Get-AzRemoteDesktopFile PSCommand_Get-AzRemoteDesktopFile PSCmdlet_Get-AzRestorePoint PSCommand_Get-AzRestorePoint PSCmdlet_Get-AzRestorePointCollection PSCommand_Get-AzRestorePointCollection PSCmdlet_Get-AzSnapshot PSCommand_Get-AzSnapshot PSCmdlet_Get-AzSshKey PSCommand_Get-AzSshKey PSCmdlet_Get-AzVM PSCommand_Get-AzVM PSCmdlet_Get-AzVMAccessExtension PSCommand_Get-AzVMAccessExtension PSCmdlet_Get-AzVMADDomainExtension PSCommand_Get-AzVMADDomainExtension PSCmdlet_Get-AzVMAEMExtension PSCommand_Get-AzVMAEMExtension PSCmdlet_Get-AzVMBootDiagnosticsData PSCommand_Get-AzVMBootDiagnosticsData PSCmdlet_Get-AzVMChefExtension PSCommand_Get-AzVMChefExtension PSCmdlet_Get-AzVMCustomScriptExtension PSCommand_Get-AzVMCustomScriptExtension PSCmdlet_Get-AzVMDiagnosticsExtension PSCommand_Get-AzVMDiagnosticsExtension PSCmdlet_Get-AzVMDiskEncryptionStatus PSCommand_Get-AzVMDiskEncryptionStatus PSCmdlet_Get-AzVMDscExtension PSCommand_Get-AzVMDscExtension PSCmdlet_Get-AzVMDscExtensionStatus PSCommand_Get-AzVMDscExtensionStatus PSCmdlet_Get-AzVMExtension PSCommand_Get-AzVMExtension PSCmdlet_Get-AzVMExtensionImage PSCommand_Get-AzVMExtensionImage PSCmdlet_Get-AzVMExtensionImageType PSCommand_Get-AzVMExtensionImageType PSCmdlet_Get-AzVMImage PSCommand_Get-AzVMImage PSCmdlet_Get-AzVMImageOffer PSCommand_Get-AzVMImageOffer PSCmdlet_Get-AzVMImagePublisher PSCommand_Get-AzVMImagePublisher PSCmdlet_Get-AzVMImageSku PSCommand_Get-AzVMImageSku PSCmdlet_Get-AzVMRunCommand PSCommand_Get-AzVMRunCommand PSCmdlet_Get-AzVMRunCommandDocument PSCommand_Get-AzVMRunCommandDocument PSCmdlet_Get-AzVMSize PSCommand_Get-AzVMSize PSCmdlet_Get-AzVMSqlServerExtension PSCommand_Get-AzVMSqlServerExtension PSCmdlet_Get-AzVmss PSCommand_Get-AzVmss PSCmdlet_Get-AzVmssDiskEncryption PSCommand_Get-AzVmssDiskEncryption PSCmdlet_Get-AzVmssRollingUpgrade PSCommand_Get-AzVmssRollingUpgrade PSCmdlet_Get-AzVmssSku PSCommand_Get-AzVmssSku PSCmdlet_Get-AzVmssVM PSCommand_Get-AzVmssVM PSCmdlet_Get-AzVmssVMDiskEncryption PSCommand_Get-AzVmssVMDiskEncryption PSCmdlet_Get-AzVmssVMRunCommand PSCommand_Get-AzVmssVMRunCommand PSCmdlet_Get-AzVMUsage PSCommand_Get-AzVMUsage PSCmdlet_Grant-AzDiskAccess PSCommand_Grant-AzDiskAccess PSCmdlet_Grant-AzSnapshotAccess PSCommand_Grant-AzSnapshotAccess PSCmdlet_Invoke-AzVMInstallPatch PSCommand_Invoke-AzVMInstallPatch PSCmdlet_Invoke-AzVMPatchAssessment PSCommand_Invoke-AzVMPatchAssessment PSCmdlet_Invoke-AzVMReimage PSCommand_Invoke-AzVMReimage PSCmdlet_Invoke-AzVMRunCommand PSCommand_Invoke-AzVMRunCommand PSCmdlet_Invoke-AzVmssVMRunCommand PSCommand_Invoke-AzVmssVMRunCommand PSCmdlet_New-AzAvailabilitySet PSCommand_New-AzAvailabilitySet PSCmdlet_New-AzCapacityReservation PSCommand_New-AzCapacityReservation PSCmdlet_New-AzCapacityReservationGroup PSCommand_New-AzCapacityReservationGroup PSCmdlet_New-AzDisk PSCommand_New-AzDisk PSCmdlet_New-AzDiskAccess PSCommand_New-AzDiskAccess PSCmdlet_New-AzDiskConfig PSCommand_New-AzDiskConfig PSCmdlet_New-AzDiskEncryptionSet PSCommand_New-AzDiskEncryptionSet PSCmdlet_New-AzDiskEncryptionSetConfig PSCommand_New-AzDiskEncryptionSetConfig PSCmdlet_New-AzDiskPurchasePlanConfig PSCommand_New-AzDiskPurchasePlanConfig PSCmdlet_New-AzDiskUpdateConfig PSCommand_New-AzDiskUpdateConfig PSCmdlet_New-AzGallery PSCommand_New-AzGallery PSCmdlet_New-AzGalleryImageDefinition PSCommand_New-AzGalleryImageDefinition PSCmdlet_New-AzGalleryImageVersion PSCommand_New-AzGalleryImageVersion PSCmdlet_New-AzHost PSCommand_New-AzHost PSCmdlet_New-AzHostGroup PSCommand_New-AzHostGroup PSCmdlet_New-AzImage PSCommand_New-AzImage PSCmdlet_New-AzImageConfig PSCommand_New-AzImageConfig PSCmdlet_New-AzProximityPlacementGroup PSCommand_New-AzProximityPlacementGroup PSCmdlet_New-AzRestorePoint PSCommand_New-AzRestorePoint PSCmdlet_New-AzRestorePointCollection PSCommand_New-AzRestorePointCollection PSCmdlet_New-AzSnapshot PSCommand_New-AzSnapshot PSCmdlet_New-AzSnapshotConfig PSCommand_New-AzSnapshotConfig PSCmdlet_New-AzSnapshotUpdateConfig PSCommand_New-AzSnapshotUpdateConfig PSCmdlet_New-AzSshKey PSCommand_New-AzSshKey PSCmdlet_New-AzVM PSCommand_New-AzVM PSCmdlet_New-AzVMConfig PSCommand_New-AzVMConfig PSCmdlet_New-AzVMDataDisk PSCommand_New-AzVMDataDisk PSCmdlet_New-AzVmGalleryApplication PSCommand_New-AzVmGalleryApplication PSCmdlet_New-AzVMSqlServerAutoBackupConfig PSCommand_New-AzVMSqlServerAutoBackupConfig PSCmdlet_New-AzVMSqlServerAutoPatchingConfig PSCommand_New-AzVMSqlServerAutoPatchingConfig PSCmdlet_New-AzVMSqlServerKeyVaultCredentialConfig PSCommand_New-AzVMSqlServerKeyVaultCredentialConfig PSCmdlet_New-AzVmss PSCommand_New-AzVmss PSCmdlet_New-AzVmssConfig PSCommand_New-AzVmssConfig PSCmdlet_New-AzVmssGalleryApplication PSCommand_New-AzVmssGalleryApplication PSCmdlet_New-AzVmssIpConfig PSCommand_New-AzVmssIpConfig PSCmdlet_New-AzVmssIpTagConfig PSCommand_New-AzVmssIpTagConfig PSCmdlet_New-AzVmssVaultCertificateConfig PSCommand_New-AzVmssVaultCertificateConfig PSCmdlet_Publish-AzVMDscConfiguration PSCommand_Publish-AzVMDscConfiguration PSCmdlet_Remove-AzAvailabilitySet PSCommand_Remove-AzAvailabilitySet PSCmdlet_Remove-AzCapacityReservation PSCommand_Remove-AzCapacityReservation PSCmdlet_Remove-AzCapacityReservationGroup PSCommand_Remove-AzCapacityReservationGroup PSCmdlet_Remove-AzDisk PSCommand_Remove-AzDisk PSCmdlet_Remove-AzDiskAccess PSCommand_Remove-AzDiskAccess PSCmdlet_Remove-AzDiskEncryptionSet PSCommand_Remove-AzDiskEncryptionSet PSCmdlet_Remove-AzGallery PSCommand_Remove-AzGallery PSCmdlet_Remove-AzGalleryImageDefinition PSCommand_Remove-AzGalleryImageDefinition PSCmdlet_Remove-AzGalleryImageVersion PSCommand_Remove-AzGalleryImageVersion PSCmdlet_Remove-AzHost PSCommand_Remove-AzHost PSCmdlet_Remove-AzHostGroup PSCommand_Remove-AzHostGroup PSCmdlet_Remove-AzImage PSCommand_Remove-AzImage PSCmdlet_Remove-AzImageDataDisk PSCommand_Remove-AzImageDataDisk PSCmdlet_Remove-AzProximityPlacementGroup PSCommand_Remove-AzProximityPlacementGroup PSCmdlet_Remove-AzRestorePoint PSCommand_Remove-AzRestorePoint PSCmdlet_Remove-AzRestorePointCollection PSCommand_Remove-AzRestorePointCollection PSCmdlet_Remove-AzSnapshot PSCommand_Remove-AzSnapshot PSCmdlet_Remove-AzSshKey PSCommand_Remove-AzSshKey PSCmdlet_Remove-AzVM PSCommand_Remove-AzVM PSCmdlet_Remove-AzVMAccessExtension PSCommand_Remove-AzVMAccessExtension PSCmdlet_Remove-AzVMAEMExtension PSCommand_Remove-AzVMAEMExtension PSCmdlet_Remove-AzVMBackup PSCommand_Remove-AzVMBackup PSCmdlet_Remove-AzVMChefExtension PSCommand_Remove-AzVMChefExtension PSCmdlet_Remove-AzVMCustomScriptExtension PSCommand_Remove-AzVMCustomScriptExtension PSCmdlet_Remove-AzVMDataDisk PSCommand_Remove-AzVMDataDisk PSCmdlet_Remove-AzVMDiagnosticsExtension PSCommand_Remove-AzVMDiagnosticsExtension PSCmdlet_Remove-AzVMDiskEncryptionExtension PSCommand_Remove-AzVMDiskEncryptionExtension PSCmdlet_Remove-AzVMDscExtension PSCommand_Remove-AzVMDscExtension PSCmdlet_Remove-AzVMExtension PSCommand_Remove-AzVMExtension PSCmdlet_Remove-AzVmGalleryApplication PSCommand_Remove-AzVmGalleryApplication PSCmdlet_Remove-AzVMNetworkInterface PSCommand_Remove-AzVMNetworkInterface PSCmdlet_Remove-AzVMSecret PSCommand_Remove-AzVMSecret PSCmdlet_Remove-AzVMSqlServerExtension PSCommand_Remove-AzVMSqlServerExtension PSCmdlet_Remove-AzVmss PSCommand_Remove-AzVmss PSCmdlet_Remove-AzVmssDataDisk PSCommand_Remove-AzVmssDataDisk PSCmdlet_Remove-AzVmssDiagnosticsExtension PSCommand_Remove-AzVmssDiagnosticsExtension PSCmdlet_Remove-AzVmssExtension PSCommand_Remove-AzVmssExtension PSCmdlet_Remove-AzVmssGalleryApplication PSCommand_Remove-AzVmssGalleryApplication PSCmdlet_Remove-AzVmssNetworkInterfaceConfiguration PSCommand_Remove-AzVmssNetworkInterfaceConfiguration PSCmdlet_Remove-AzVmssRunCommand PSCommand_Remove-AzVmssRunCommand PSCmdlet_Remove-AzVmssVMDataDisk PSCommand_Remove-AzVmssVMDataDisk PSCmdlet_Repair-AzVmssServiceFabricUpdateDomain PSCommand_Repair-AzVmssServiceFabricUpdateDomain PSCmdlet_Restart-AzHost PSCommand_Restart-AzHost PSCmdlet_Restart-AzVM PSCommand_Restart-AzVM PSCmdlet_Restart-AzVmss PSCommand_Restart-AzVmss PSCmdlet_Revoke-AzDiskAccess PSCommand_Revoke-AzDiskAccess PSCmdlet_Revoke-AzSnapshotAccess PSCommand_Revoke-AzSnapshotAccess PSCmdlet_Save-AzVhd PSCommand_Save-AzVhd PSCmdlet_Save-AzVMImage PSCommand_Save-AzVMImage PSCmdlet_Set-AzDiskDiskEncryptionKey PSCommand_Set-AzDiskDiskEncryptionKey PSCmdlet_Set-AzDiskImageReference PSCommand_Set-AzDiskImageReference PSCmdlet_Set-AzDiskKeyEncryptionKey PSCommand_Set-AzDiskKeyEncryptionKey PSCmdlet_Set-AzDiskSecurityProfile PSCommand_Set-AzDiskSecurityProfile PSCmdlet_Set-AzDiskUpdateDiskEncryptionKey PSCommand_Set-AzDiskUpdateDiskEncryptionKey PSCmdlet_Set-AzDiskUpdateKeyEncryptionKey PSCommand_Set-AzDiskUpdateKeyEncryptionKey PSCmdlet_Set-AzImageOsDisk PSCommand_Set-AzImageOsDisk PSCmdlet_Set-AzSnapshotDiskEncryptionKey PSCommand_Set-AzSnapshotDiskEncryptionKey PSCmdlet_Set-AzSnapshotImageReference PSCommand_Set-AzSnapshotImageReference PSCmdlet_Set-AzSnapshotKeyEncryptionKey PSCommand_Set-AzSnapshotKeyEncryptionKey PSCmdlet_Set-AzSnapshotUpdateDiskEncryptionKey PSCommand_Set-AzSnapshotUpdateDiskEncryptionKey PSCmdlet_Set-AzSnapshotUpdateKeyEncryptionKey PSCommand_Set-AzSnapshotUpdateKeyEncryptionKey PSCmdlet_Set-AzVM PSCommand_Set-AzVM PSCmdlet_Set-AzVMAccessExtension PSCommand_Set-AzVMAccessExtension PSCmdlet_Set-AzVMADDomainExtension PSCommand_Set-AzVMADDomainExtension PSCmdlet_Set-AzVMAEMExtension PSCommand_Set-AzVMAEMExtension PSCmdlet_Set-AzVMBackupExtension PSCommand_Set-AzVMBackupExtension PSCmdlet_Set-AzVMBginfoExtension PSCommand_Set-AzVMBginfoExtension PSCmdlet_Set-AzVMBootDiagnostic PSCommand_Set-AzVMBootDiagnostic PSCmdlet_Set-AzVMChefExtension PSCommand_Set-AzVMChefExtension PSCmdlet_Set-AzVMCustomScriptExtension PSCommand_Set-AzVMCustomScriptExtension PSCmdlet_Set-AzVMDataDisk PSCommand_Set-AzVMDataDisk PSCmdlet_Set-AzVMDiagnosticsExtension PSCommand_Set-AzVMDiagnosticsExtension PSCmdlet_Set-AzVMDiskEncryptionExtension PSCommand_Set-AzVMDiskEncryptionExtension PSCmdlet_Set-AzVMDscExtension PSCommand_Set-AzVMDscExtension PSCmdlet_Set-AzVMExtension PSCommand_Set-AzVMExtension PSCmdlet_Set-AzVMOperatingSystem PSCommand_Set-AzVMOperatingSystem PSCmdlet_Set-AzVMOSDisk PSCommand_Set-AzVMOSDisk PSCmdlet_Set-AzVMPlan PSCommand_Set-AzVMPlan PSCmdlet_Set-AzVMSecurityProfile PSCommand_Set-AzVMSecurityProfile PSCmdlet_Set-AzVMSourceImage PSCommand_Set-AzVMSourceImage PSCmdlet_Set-AzVMSqlServerExtension PSCommand_Set-AzVMSqlServerExtension PSCmdlet_Set-AzVmss PSCommand_Set-AzVmss PSCmdlet_Set-AzVmssBootDiagnostic PSCommand_Set-AzVmssBootDiagnostic PSCmdlet_Set-AzVmssDiskEncryptionExtension PSCommand_Set-AzVmssDiskEncryptionExtension PSCmdlet_Set-AzVmssOrchestrationServiceState PSCommand_Set-AzVmssOrchestrationServiceState PSCmdlet_Set-AzVmssOsProfile PSCommand_Set-AzVmssOsProfile PSCmdlet_Set-AzVmssRollingUpgradePolicy PSCommand_Set-AzVmssRollingUpgradePolicy PSCmdlet_Set-AzVmssSecurityProfile PSCommand_Set-AzVmssSecurityProfile PSCmdlet_Set-AzVmssStorageProfile PSCommand_Set-AzVmssStorageProfile PSCmdlet_Set-AzVmssUefi PSCommand_Set-AzVmssUefi PSCmdlet_Set-AzVmssVM PSCommand_Set-AzVmssVM PSCmdlet_Set-AzVMUefi PSCommand_Set-AzVMUefi PSCmdlet_Start-AzVM PSCommand_Start-AzVM PSCmdlet_Start-AzVmss PSCommand_Start-AzVmss PSCmdlet_Start-AzVmssRollingExtensionUpgrade PSCommand_Start-AzVmssRollingExtensionUpgrade PSCmdlet_Start-AzVmssRollingOSUpgrade PSCommand_Start-AzVmssRollingOSUpgrade PSCmdlet_Stop-AzVM PSCommand_Stop-AzVM PSCmdlet_Stop-AzVmss PSCommand_Stop-AzVmss PSCmdlet_Stop-AzVmssRollingUpgrade PSCommand_Stop-AzVmssRollingUpgrade PSCmdlet_Test-AzVMAEMExtension PSCommand_Test-AzVMAEMExtension PSCmdlet_Update-AzAvailabilitySet PSCommand_Update-AzAvailabilitySet PSCmdlet_Update-AzCapacityReservation PSCommand_Update-AzCapacityReservation PSCmdlet_Update-AzCapacityReservationGroup PSCommand_Update-AzCapacityReservationGroup PSCmdlet_Update-AzDisk PSCommand_Update-AzDisk PSCmdlet_Update-AzDiskEncryptionSet PSCommand_Update-AzDiskEncryptionSet PSCmdlet_Update-AzGallery PSCommand_Update-AzGallery PSCmdlet_Update-AzGalleryImageDefinition PSCommand_Update-AzGalleryImageDefinition PSCmdlet_Update-AzGalleryImageVersion PSCommand_Update-AzGalleryImageVersion PSCmdlet_Update-AzHost PSCommand_Update-AzHost PSCmdlet_Update-AzImage PSCommand_Update-AzImage PSCmdlet_Update-AzRestorePointCollection PSCommand_Update-AzRestorePointCollection PSCmdlet_Update-AzSnapshot PSCommand_Update-AzSnapshot PSCmdlet_Update-AzSshKey PSCommand_Update-AzSshKey PSCmdlet_Update-AzVM PSCommand_Update-AzVM PSCmdlet_Update-AzVmss PSCommand_Update-AzVmss PSCmdlet_Update-AzVmssInstance PSCommand_Update-AzVmssInstance PSCmdlet_Update-AzVmssVM PSCommand_Update-AzVmssVM PSIncludes_Cmdlet PSFunction_Get-AzGalleryApplication PSCommand_Get-AzGalleryApplication PSFunction_Get-AzGalleryApplicationVersion PSCommand_Get-AzGalleryApplicationVersion PSFunction_Invoke-AzSpotPlacementScore PSCommand_Invoke-AzSpotPlacementScore PSFunction_New-AzGalleryApplication PSCommand_New-AzGalleryApplication PSFunction_New-AzGalleryApplicationVersion PSCommand_New-AzGalleryApplicationVersion PSFunction_Remove-AzGalleryApplication PSCommand_Remove-AzGalleryApplication PSFunction_Remove-AzGalleryApplicationVersion PSCommand_Remove-AzGalleryApplicationVersion PSFunction_Remove-AzVMRunCommand PSCommand_Remove-AzVMRunCommand PSFunction_Remove-AzVmssVMRunCommand PSCommand_Remove-AzVmssVMRunCommand PSFunction_Set-AzVMRunCommand PSCommand_Set-AzVMRunCommand PSFunction_Set-AzVmssVMRunCommand PSCommand_Set-AzVmssVMRunCommand PSFunction_Update-AzGalleryApplication PSCommand_Update-AzGalleryApplication PSFunction_Update-AzGalleryApplicationVersion PSCommand_Update-AzGalleryApplicationVersion PSIncludes_Function</S>
          <S N="developmentDependency">False</S>
          <S N="updated">2025-06-12T18:20:00Z</S>
          <S N="NormalizedVersion">10.0.1</S>
          <S N="Authors">Microsoft Corporation</S>
          <S N="IsPrerelease">false</S>
          <S N="ItemType">Module</S>
          <S N="FileList">Az.Compute.nuspec|ModuleAlcAssemblies\Azure.Storage.Common.dll|PostImportScripts\InitializeAssemblyLoadContext.ps1|Az.Compute.psm1|Compute.format.ps1xml|Microsoft.Azure.Management.ResourceGraph.dll|Microsoft.Azure.PowerShell.Cmdlets.Compute.dll|Microsoft.Azure.PowerShell.Cmdlets.Compute.Helpers.dll|Microsoft.WindowsAzure.Storage.dll|Compute.Autorest\Az.Compute.psm1|Compute.Autorest\custom\Az.Compute.custom.psm1|Compute.Autorest\custom\New-AzGalleryApplicationVersion.ps1|Compute.Autorest\custom\Set-AzVmssVMRunCommand_ScriptLocalPath.ps1|Compute.Autorest\exports\ProxyCmdletDefinitions.ps1|Compute.Autorest\internal\ProxyCmdletDefinitions.ps1|Compute.Autorest\utils\Unprotect-SecureString.ps1|ModuleAlcAssemblies\Microsoft.Azure.Commands.Compute.AlcWrapper.dll|Az.Compute.psd1|Compute.Automation.generated.format.ps1xml|Compute.generated.format.ps1xml|Microsoft.Azure.PowerShell.AutoMapper.dll|Microsoft.Azure.PowerShell.Cmdlets.Compute.dll-Help.xml|Microsoft.Azure.PowerShell.Compute.Management.Sdk.dll|Compute.Autorest\Az.Compute.format.ps1xml|Compute.Autorest\bin\Az.Compute.private.dll|Compute.Autorest\custom\New-AzGalleryApplication.ps1|Compute.Autorest\custom\Set-AzVMRunCommand_ScriptLocalPath.ps1|Compute.Autorest\custom\Update-AzGalleryApplicationVersion.ps1|Compute.Autorest\internal\Az.Compute.internal.psm1|Compute.Autorest\utils\Get-SubscriptionIdTestSafe.ps1|ModuleAlcAssemblies\Azure.Storage.Blobs.dll|.signature.p7s</S>
          <S N="GUID">d4cb9989-9ed1-49c2-bacd-0f8daf758671</S>
          <S N="PowerShellVersion">5.1</S>
          <S N="DotNetFrameworkVersion">4.7.2</S>
          <S N="CompanyName">Microsoft Corporation</S>
        </MS>
      </Obj>
      <S N="InstalledLocation">/Users/warrenchu/Modules/Az.Compute/10.0.1</S>
    </MS>
  </Obj>
</Objs>
