<Objs Version="1.1.0.1" xmlns="http://schemas.microsoft.com/powershell/2004/04">
  <Obj RefId="0">
    <TN RefId="0">
      <T>Microsoft.PowerShell.Commands.PSRepositoryItemInfo</T>
      <T>System.Management.Automation.PSCustomObject</T>
      <T>System.Object</T>
    </TN>
    <MS>
      <S N="Name">Az.Storage</S>
      <S N="Version">9.0.0</S>
      <S N="Type">Module</S>
      <S N="Description">Microsoft Azure PowerShell - Storage service data plane and management cmdlets for Azure Resource Manager in Windows PowerShell and PowerShell Core.  Creates and manages storage accounts in Azure Resource Manager._x000D__x000A__x000D__x000A_For more information on Storage, please visit the following: https://learn.microsoft.com/azure/storage/</S>
      <S N="Author">Microsoft Corporation</S>
      <S N="CompanyName">azure-sdk</S>
      <S N="Copyright">Microsoft Corporation. All rights reserved.</S>
      <DT N="PublishedDate">2025-05-19T04:57:56-05:00</DT>
      <Nil N="InstalledDate" />
      <Nil N="UpdatedDate" />
      <URI N="LicenseUri">https://aka.ms/azps-license</URI>
      <URI N="ProjectUri">https://github.com/Azure/azure-powershell</URI>
      <Nil N="IconUri" />
      <Obj N="Tags" RefId="1">
        <TN RefId="1">
          <T>System.Object[]</T>
          <T>System.Array</T>
          <T>System.Object</T>
        </TN>
        <LST>
          <S>Azure</S>
          <S>ResourceManager</S>
          <S>ARM</S>
          <S>Storage</S>
          <S>StorageAccount</S>
          <S>PSModule</S>
          <S>PSEdition_Core</S>
          <S>PSEdition_Desktop</S>
        </LST>
      </Obj>
      <Obj N="Includes" RefId="2">
        <TN RefId="2">
          <T>System.Collections.Hashtable</T>
          <T>System.Object</T>
        </TN>
        <DCT>
          <En>
            <S N="Key">Workflow</S>
            <Obj N="Value" RefId="3">
              <TNRef RefId="1" />
              <LST />
            </Obj>
          </En>
          <En>
            <S N="Key">RoleCapability</S>
            <Ref N="Value" RefId="3" />
          </En>
          <En>
            <S N="Key">Cmdlet</S>
            <Obj N="Value" RefId="4">
              <TNRef RefId="1" />
              <LST>
                <S>Add-AzRmStorageContainerLegalHold</S>
                <S>Add-AzStorageAccountManagementPolicyAction</S>
                <S>Add-AzStorageAccountNetworkRule</S>
                <S>Close-AzStorageFileHandle</S>
                <S>Copy-AzStorageBlob</S>
                <S>Disable-AzStorageBlobDeleteRetentionPolicy</S>
                <S>Disable-AzStorageBlobLastAccessTimeTracking</S>
                <S>Disable-AzStorageBlobRestorePolicy</S>
                <S>Disable-AzStorageContainerDeleteRetentionPolicy</S>
                <S>Disable-AzStorageDeleteRetentionPolicy</S>
                <S>Disable-AzStorageStaticWebsite</S>
                <S>Enable-AzStorageBlobDeleteRetentionPolicy</S>
                <S>Enable-AzStorageBlobLastAccessTimeTracking</S>
                <S>Enable-AzStorageBlobRestorePolicy</S>
                <S>Enable-AzStorageContainerDeleteRetentionPolicy</S>
                <S>Enable-AzStorageDeleteRetentionPolicy</S>
                <S>Enable-AzStorageStaticWebsite</S>
                <S>Get-AzDataLakeGen2ChildItem</S>
                <S>Get-AzDataLakeGen2DeletedItem</S>
                <S>Get-AzDataLakeGen2Item</S>
                <S>Get-AzDataLakeGen2ItemContent</S>
                <S>Get-AzRmStorageContainer</S>
                <S>Get-AzRmStorageContainerImmutabilityPolicy</S>
                <S>Get-AzRmStorageShare</S>
                <S>Get-AzStorageAccount</S>
                <S>Get-AzStorageAccountKey</S>
                <S>Get-AzStorageAccountManagementPolicy</S>
                <S>Get-AzStorageAccountNameAvailability</S>
                <S>Get-AzStorageAccountNetworkRuleSet</S>
                <S>Get-AzStorageBlob</S>
                <S>Get-AzStorageBlobByTag</S>
                <S>Get-AzStorageBlobContent</S>
                <S>Get-AzStorageBlobCopyState</S>
                <S>Get-AzStorageBlobInventoryPolicy</S>
                <S>Get-AzStorageBlobQueryResult</S>
                <S>Get-AzStorageBlobServiceProperty</S>
                <S>Get-AzStorageBlobTag</S>
                <S>Get-AzStorageContainer</S>
                <S>Get-AzStorageContainerStoredAccessPolicy</S>
                <S>Get-AzStorageCORSRule</S>
                <S>Get-AzStorageEncryptionScope</S>
                <S>Get-AzStorageFile</S>
                <S>Get-AzStorageFileContent</S>
                <S>Get-AzStorageFileCopyState</S>
                <S>Get-AzStorageFileHandle</S>
                <S>Get-AzStorageFileServiceProperty</S>
                <S>Get-AzStorageLocalUser</S>
                <S>Get-AzStorageLocalUserKey</S>
                <S>Get-AzStorageObjectReplicationPolicy</S>
                <S>Get-AzStorageQueue</S>
                <S>Get-AzStorageQueueStoredAccessPolicy</S>
                <S>Get-AzStorageServiceLoggingProperty</S>
                <S>Get-AzStorageServiceMetricsProperty</S>
                <S>Get-AzStorageServiceProperty</S>
                <S>Get-AzStorageShare</S>
                <S>Get-AzStorageShareStoredAccessPolicy</S>
                <S>Get-AzStorageTable</S>
                <S>Get-AzStorageTableStoredAccessPolicy</S>
                <S>Get-AzStorageUsage</S>
                <S>Invoke-AzRmStorageContainerImmutableStorageWithVersioningMigration</S>
                <S>Invoke-AzStorageAccountFailover</S>
                <S>Invoke-AzStorageAccountHierarchicalNamespaceUpgrade</S>
                <S>Lock-AzRmStorageContainerImmutabilityPolicy</S>
                <S>Move-AzDataLakeGen2Item</S>
                <S>New-AzDataLakeGen2Item</S>
                <S>New-AzDataLakeGen2SasToken</S>
                <S>New-AzRmStorageContainer</S>
                <S>New-AzRmStorageShare</S>
                <S>New-AzStorageAccount</S>
                <S>New-AzStorageAccountKey</S>
                <S>New-AzStorageAccountManagementPolicyBlobIndexMatchObject</S>
                <S>New-AzStorageAccountManagementPolicyFilter</S>
                <S>New-AzStorageAccountManagementPolicyRule</S>
                <S>New-AzStorageAccountSASToken</S>
                <S>New-AzStorageBlobInventoryPolicyRule</S>
                <S>New-AzStorageBlobQueryConfig</S>
                <S>New-AzStorageBlobRangeToRestore</S>
                <S>New-AzStorageBlobSASToken</S>
                <S>New-AzStorageContainer</S>
                <S>New-AzStorageContainerSASToken</S>
                <S>New-AzStorageContainerStoredAccessPolicy</S>
                <S>New-AzStorageContext</S>
                <S>New-AzStorageDirectory</S>
                <S>New-AzStorageEncryptionScope</S>
                <S>New-AzStorageFileHardLink</S>
                <S>New-AzStorageFileSASToken</S>
                <S>New-AzStorageLocalUserPermissionScope</S>
                <S>New-AzStorageLocalUserSshPassword</S>
                <S>New-AzStorageLocalUserSshPublicKey</S>
                <S>New-AzStorageObjectReplicationPolicyRule</S>
                <S>New-AzStorageQueue</S>
                <S>New-AzStorageQueueSASToken</S>
                <S>New-AzStorageQueueStoredAccessPolicy</S>
                <S>New-AzStorageShare</S>
                <S>New-AzStorageShareSASToken</S>
                <S>New-AzStorageShareStoredAccessPolicy</S>
                <S>New-AzStorageTable</S>
                <S>New-AzStorageTableSASToken</S>
                <S>New-AzStorageTableStoredAccessPolicy</S>
                <S>Remove-AzDataLakeGen2AclRecursive</S>
                <S>Remove-AzDataLakeGen2Item</S>
                <S>Remove-AzRmStorageContainer</S>
                <S>Remove-AzRmStorageContainerImmutabilityPolicy</S>
                <S>Remove-AzRmStorageContainerLegalHold</S>
                <S>Remove-AzRmStorageShare</S>
                <S>Remove-AzStorageAccount</S>
                <S>Remove-AzStorageAccountManagementPolicy</S>
                <S>Remove-AzStorageAccountNetworkRule</S>
                <S>Remove-AzStorageBlob</S>
                <S>Remove-AzStorageBlobImmutabilityPolicy</S>
                <S>Remove-AzStorageBlobInventoryPolicy</S>
                <S>Remove-AzStorageContainer</S>
                <S>Remove-AzStorageContainerStoredAccessPolicy</S>
                <S>Remove-AzStorageCORSRule</S>
                <S>Remove-AzStorageDirectory</S>
                <S>Remove-AzStorageFile</S>
                <S>Remove-AzStorageLocalUser</S>
                <S>Remove-AzStorageObjectReplicationPolicy</S>
                <S>Remove-AzStorageQueue</S>
                <S>Remove-AzStorageQueueStoredAccessPolicy</S>
                <S>Remove-AzStorageShare</S>
                <S>Remove-AzStorageShareStoredAccessPolicy</S>
                <S>Remove-AzStorageTable</S>
                <S>Remove-AzStorageTableStoredAccessPolicy</S>
                <S>Rename-AzStorageDirectory</S>
                <S>Rename-AzStorageFile</S>
                <S>Restore-AzDataLakeGen2DeletedItem</S>
                <S>Restore-AzRmStorageShare</S>
                <S>Restore-AzStorageBlobRange</S>
                <S>Restore-AzStorageContainer</S>
                <S>Revoke-AzStorageAccountUserDelegationKeys</S>
                <S>Set-AzCurrentStorageAccount</S>
                <S>Set-AzDataLakeGen2AclRecursive</S>
                <S>Set-AzDataLakeGen2ItemAclObject</S>
                <S>Set-AzRmStorageContainerImmutabilityPolicy</S>
                <S>Set-AzStorageAccount</S>
                <S>Set-AzStorageAccountManagementPolicy</S>
                <S>Set-AzStorageBlobContent</S>
                <S>Set-AzStorageBlobImmutabilityPolicy</S>
                <S>Set-AzStorageBlobInventoryPolicy</S>
                <S>Set-AzStorageBlobLegalHold</S>
                <S>Set-AzStorageBlobTag</S>
                <S>Set-AzStorageContainerAcl</S>
                <S>Set-AzStorageContainerStoredAccessPolicy</S>
                <S>Set-AzStorageCORSRule</S>
                <S>Set-AzStorageFileContent</S>
                <S>Set-AzStorageLocalUser</S>
                <S>Set-AzStorageObjectReplicationPolicy</S>
                <S>Set-AzStorageQueueStoredAccessPolicy</S>
                <S>Set-AzStorageServiceLoggingProperty</S>
                <S>Set-AzStorageServiceMetricsProperty</S>
                <S>Set-AzStorageShareQuota</S>
                <S>Set-AzStorageShareStoredAccessPolicy</S>
                <S>Set-AzStorageTableStoredAccessPolicy</S>
                <S>Start-AzStorageBlobCopy</S>
                <S>Start-AzStorageBlobIncrementalCopy</S>
                <S>Start-AzStorageFileCopy</S>
                <S>Stop-AzStorageAccountHierarchicalNamespaceUpgrade</S>
                <S>Stop-AzStorageBlobCopy</S>
                <S>Stop-AzStorageFileCopy</S>
                <S>Update-AzDataLakeGen2AclRecursive</S>
                <S>Update-AzDataLakeGen2Item</S>
                <S>Update-AzRmStorageContainer</S>
                <S>Update-AzRmStorageShare</S>
                <S>Update-AzStorageAccountNetworkRuleSet</S>
                <S>Update-AzStorageBlobServiceProperty</S>
                <S>Update-AzStorageEncryptionScope</S>
                <S>Update-AzStorageFileServiceProperty</S>
                <S>Update-AzStorageServiceProperty</S>
              </LST>
            </Obj>
          </En>
          <En>
            <S N="Key">Function</S>
            <Obj N="Value" RefId="5">
              <TNRef RefId="1" />
              <LST>
                <S>Get-AzStorageAccountMigration</S>
                <S>Get-AzStorageFileServiceUsage</S>
                <S>Start-AzStorageAccountMigration</S>
              </LST>
            </Obj>
          </En>
          <En>
            <S N="Key">Command</S>
            <Obj N="Value" RefId="6">
              <TNRef RefId="1" />
              <LST>
                <S>Add-AzRmStorageContainerLegalHold</S>
                <S>Add-AzStorageAccountManagementPolicyAction</S>
                <S>Add-AzStorageAccountNetworkRule</S>
                <S>Close-AzStorageFileHandle</S>
                <S>Copy-AzStorageBlob</S>
                <S>Disable-AzStorageBlobDeleteRetentionPolicy</S>
                <S>Disable-AzStorageBlobLastAccessTimeTracking</S>
                <S>Disable-AzStorageBlobRestorePolicy</S>
                <S>Disable-AzStorageContainerDeleteRetentionPolicy</S>
                <S>Disable-AzStorageDeleteRetentionPolicy</S>
                <S>Disable-AzStorageStaticWebsite</S>
                <S>Enable-AzStorageBlobDeleteRetentionPolicy</S>
                <S>Enable-AzStorageBlobLastAccessTimeTracking</S>
                <S>Enable-AzStorageBlobRestorePolicy</S>
                <S>Enable-AzStorageContainerDeleteRetentionPolicy</S>
                <S>Enable-AzStorageDeleteRetentionPolicy</S>
                <S>Enable-AzStorageStaticWebsite</S>
                <S>Get-AzDataLakeGen2ChildItem</S>
                <S>Get-AzDataLakeGen2DeletedItem</S>
                <S>Get-AzDataLakeGen2Item</S>
                <S>Get-AzDataLakeGen2ItemContent</S>
                <S>Get-AzRmStorageContainer</S>
                <S>Get-AzRmStorageContainerImmutabilityPolicy</S>
                <S>Get-AzRmStorageShare</S>
                <S>Get-AzStorageAccount</S>
                <S>Get-AzStorageAccountKey</S>
                <S>Get-AzStorageAccountManagementPolicy</S>
                <S>Get-AzStorageAccountNameAvailability</S>
                <S>Get-AzStorageAccountNetworkRuleSet</S>
                <S>Get-AzStorageBlob</S>
                <S>Get-AzStorageBlobByTag</S>
                <S>Get-AzStorageBlobContent</S>
                <S>Get-AzStorageBlobCopyState</S>
                <S>Get-AzStorageBlobInventoryPolicy</S>
                <S>Get-AzStorageBlobQueryResult</S>
                <S>Get-AzStorageBlobServiceProperty</S>
                <S>Get-AzStorageBlobTag</S>
                <S>Get-AzStorageContainer</S>
                <S>Get-AzStorageContainerStoredAccessPolicy</S>
                <S>Get-AzStorageCORSRule</S>
                <S>Get-AzStorageEncryptionScope</S>
                <S>Get-AzStorageFile</S>
                <S>Get-AzStorageFileContent</S>
                <S>Get-AzStorageFileCopyState</S>
                <S>Get-AzStorageFileHandle</S>
                <S>Get-AzStorageFileServiceProperty</S>
                <S>Get-AzStorageLocalUser</S>
                <S>Get-AzStorageLocalUserKey</S>
                <S>Get-AzStorageObjectReplicationPolicy</S>
                <S>Get-AzStorageQueue</S>
                <S>Get-AzStorageQueueStoredAccessPolicy</S>
                <S>Get-AzStorageServiceLoggingProperty</S>
                <S>Get-AzStorageServiceMetricsProperty</S>
                <S>Get-AzStorageServiceProperty</S>
                <S>Get-AzStorageShare</S>
                <S>Get-AzStorageShareStoredAccessPolicy</S>
                <S>Get-AzStorageTable</S>
                <S>Get-AzStorageTableStoredAccessPolicy</S>
                <S>Get-AzStorageUsage</S>
                <S>Invoke-AzRmStorageContainerImmutableStorageWithVersioningMigration</S>
                <S>Invoke-AzStorageAccountFailover</S>
                <S>Invoke-AzStorageAccountHierarchicalNamespaceUpgrade</S>
                <S>Lock-AzRmStorageContainerImmutabilityPolicy</S>
                <S>Move-AzDataLakeGen2Item</S>
                <S>New-AzDataLakeGen2Item</S>
                <S>New-AzDataLakeGen2SasToken</S>
                <S>New-AzRmStorageContainer</S>
                <S>New-AzRmStorageShare</S>
                <S>New-AzStorageAccount</S>
                <S>New-AzStorageAccountKey</S>
                <S>New-AzStorageAccountManagementPolicyBlobIndexMatchObject</S>
                <S>New-AzStorageAccountManagementPolicyFilter</S>
                <S>New-AzStorageAccountManagementPolicyRule</S>
                <S>New-AzStorageAccountSASToken</S>
                <S>New-AzStorageBlobInventoryPolicyRule</S>
                <S>New-AzStorageBlobQueryConfig</S>
                <S>New-AzStorageBlobRangeToRestore</S>
                <S>New-AzStorageBlobSASToken</S>
                <S>New-AzStorageContainer</S>
                <S>New-AzStorageContainerSASToken</S>
                <S>New-AzStorageContainerStoredAccessPolicy</S>
                <S>New-AzStorageContext</S>
                <S>New-AzStorageDirectory</S>
                <S>New-AzStorageEncryptionScope</S>
                <S>New-AzStorageFileHardLink</S>
                <S>New-AzStorageFileSASToken</S>
                <S>New-AzStorageLocalUserPermissionScope</S>
                <S>New-AzStorageLocalUserSshPassword</S>
                <S>New-AzStorageLocalUserSshPublicKey</S>
                <S>New-AzStorageObjectReplicationPolicyRule</S>
                <S>New-AzStorageQueue</S>
                <S>New-AzStorageQueueSASToken</S>
                <S>New-AzStorageQueueStoredAccessPolicy</S>
                <S>New-AzStorageShare</S>
                <S>New-AzStorageShareSASToken</S>
                <S>New-AzStorageShareStoredAccessPolicy</S>
                <S>New-AzStorageTable</S>
                <S>New-AzStorageTableSASToken</S>
                <S>New-AzStorageTableStoredAccessPolicy</S>
                <S>Remove-AzDataLakeGen2AclRecursive</S>
                <S>Remove-AzDataLakeGen2Item</S>
                <S>Remove-AzRmStorageContainer</S>
                <S>Remove-AzRmStorageContainerImmutabilityPolicy</S>
                <S>Remove-AzRmStorageContainerLegalHold</S>
                <S>Remove-AzRmStorageShare</S>
                <S>Remove-AzStorageAccount</S>
                <S>Remove-AzStorageAccountManagementPolicy</S>
                <S>Remove-AzStorageAccountNetworkRule</S>
                <S>Remove-AzStorageBlob</S>
                <S>Remove-AzStorageBlobImmutabilityPolicy</S>
                <S>Remove-AzStorageBlobInventoryPolicy</S>
                <S>Remove-AzStorageContainer</S>
                <S>Remove-AzStorageContainerStoredAccessPolicy</S>
                <S>Remove-AzStorageCORSRule</S>
                <S>Remove-AzStorageDirectory</S>
                <S>Remove-AzStorageFile</S>
                <S>Remove-AzStorageLocalUser</S>
                <S>Remove-AzStorageObjectReplicationPolicy</S>
                <S>Remove-AzStorageQueue</S>
                <S>Remove-AzStorageQueueStoredAccessPolicy</S>
                <S>Remove-AzStorageShare</S>
                <S>Remove-AzStorageShareStoredAccessPolicy</S>
                <S>Remove-AzStorageTable</S>
                <S>Remove-AzStorageTableStoredAccessPolicy</S>
                <S>Rename-AzStorageDirectory</S>
                <S>Rename-AzStorageFile</S>
                <S>Restore-AzDataLakeGen2DeletedItem</S>
                <S>Restore-AzRmStorageShare</S>
                <S>Restore-AzStorageBlobRange</S>
                <S>Restore-AzStorageContainer</S>
                <S>Revoke-AzStorageAccountUserDelegationKeys</S>
                <S>Set-AzCurrentStorageAccount</S>
                <S>Set-AzDataLakeGen2AclRecursive</S>
                <S>Set-AzDataLakeGen2ItemAclObject</S>
                <S>Set-AzRmStorageContainerImmutabilityPolicy</S>
                <S>Set-AzStorageAccount</S>
                <S>Set-AzStorageAccountManagementPolicy</S>
                <S>Set-AzStorageBlobContent</S>
                <S>Set-AzStorageBlobImmutabilityPolicy</S>
                <S>Set-AzStorageBlobInventoryPolicy</S>
                <S>Set-AzStorageBlobLegalHold</S>
                <S>Set-AzStorageBlobTag</S>
                <S>Set-AzStorageContainerAcl</S>
                <S>Set-AzStorageContainerStoredAccessPolicy</S>
                <S>Set-AzStorageCORSRule</S>
                <S>Set-AzStorageFileContent</S>
                <S>Set-AzStorageLocalUser</S>
                <S>Set-AzStorageObjectReplicationPolicy</S>
                <S>Set-AzStorageQueueStoredAccessPolicy</S>
                <S>Set-AzStorageServiceLoggingProperty</S>
                <S>Set-AzStorageServiceMetricsProperty</S>
                <S>Set-AzStorageShareQuota</S>
                <S>Set-AzStorageShareStoredAccessPolicy</S>
                <S>Set-AzStorageTableStoredAccessPolicy</S>
                <S>Start-AzStorageBlobCopy</S>
                <S>Start-AzStorageBlobIncrementalCopy</S>
                <S>Start-AzStorageFileCopy</S>
                <S>Stop-AzStorageAccountHierarchicalNamespaceUpgrade</S>
                <S>Stop-AzStorageBlobCopy</S>
                <S>Stop-AzStorageFileCopy</S>
                <S>Update-AzDataLakeGen2AclRecursive</S>
                <S>Update-AzDataLakeGen2Item</S>
                <S>Update-AzRmStorageContainer</S>
                <S>Update-AzRmStorageShare</S>
                <S>Update-AzStorageAccountNetworkRuleSet</S>
                <S>Update-AzStorageBlobServiceProperty</S>
                <S>Update-AzStorageEncryptionScope</S>
                <S>Update-AzStorageFileServiceProperty</S>
                <S>Update-AzStorageServiceProperty</S>
                <S>Get-AzStorageAccountMigration</S>
                <S>Get-AzStorageFileServiceUsage</S>
                <S>Start-AzStorageAccountMigration</S>
              </LST>
            </Obj>
          </En>
          <En>
            <S N="Key">DscResource</S>
            <Ref N="Value" RefId="3" />
          </En>
        </DCT>
      </Obj>
      <Nil N="PowerShellGetFormatVersion" />
      <S N="ReleaseNotes">* Removed MD5 from blob and file upload in some scenarios_x000D__x000A_    - 'Set-AzStorageFileContent'_x000D__x000A_    - 'Set-AzStorageBlobContent'_x000D__x000A_* Added prompt for customer confirmation for long running account migration operation ._x000D__x000A_    - 'Start-AzStorageAccountMigration'</S>
      <Obj N="Dependencies" RefId="7">
        <TNRef RefId="1" />
        <LST>
          <Obj RefId="8">
            <TN RefId="3">
              <T>System.Collections.Specialized.OrderedDictionary</T>
              <T>System.Object</T>
            </TN>
            <DCT>
              <En>
                <S N="Key">Name</S>
                <S N="Value">Az.Accounts</S>
              </En>
              <En>
                <S N="Key">MinimumVersion</S>
                <S N="Value">5.0.0</S>
              </En>
              <En>
                <S N="Key">CanonicalId</S>
                <S N="Value">nuget:Az.Accounts/5.0.0</S>
              </En>
            </DCT>
          </Obj>
        </LST>
      </Obj>
      <S N="RepositorySourceLocation">https://www.powershellgallery.com/api/v2</S>
      <S N="Repository">PSGallery</S>
      <S N="PackageManagementProvider">NuGet</S>
      <Obj N="AdditionalMetadata" RefId="9">
        <TN RefId="4">
          <T>System.Management.Automation.PSCustomObject</T>
          <T>System.Object</T>
        </TN>
        <MS>
          <S N="copyright">Microsoft Corporation. All rights reserved.</S>
          <S N="description">Microsoft Azure PowerShell - Storage service data plane and management cmdlets for Azure Resource Manager in Windows PowerShell and PowerShell Core.  Creates and manages storage accounts in Azure Resource Manager._x000D__x000A__x000D__x000A_For more information on Storage, please visit the following: https://learn.microsoft.com/azure/storage/</S>
          <S N="requireLicenseAcceptance">True</S>
          <S N="releaseNotes">* Removed MD5 from blob and file upload in some scenarios_x000D__x000A_    - 'Set-AzStorageFileContent'_x000D__x000A_    - 'Set-AzStorageBlobContent'_x000D__x000A_* Added prompt for customer confirmation for long running account migration operation ._x000D__x000A_    - 'Start-AzStorageAccountMigration'</S>
          <S N="isLatestVersion">True</S>
          <S N="isAbsoluteLatestVersion">True</S>
          <S N="versionDownloadCount">10548021</S>
          <S N="downloadCount">277042545</S>
          <S N="packageSize">5538207</S>
          <S N="published">5/19/2025 4:57:56 AM -05:00</S>
          <S N="created">5/19/2025 4:57:56 AM -05:00</S>
          <S N="lastUpdated">6/12/2025 6:20:00 PM -05:00</S>
          <S N="tags">Azure ResourceManager ARM Storage StorageAccount PSModule PSEdition_Core PSEdition_Desktop</S>
          <S N="developmentDependency">False</S>
          <S N="updated">2025-06-12T18:20:00Z</S>
          <S N="NormalizedVersion">9.0.0</S>
          <S N="Authors">Microsoft Corporation</S>
          <S N="IsPrerelease">false</S>
          <S N="ItemType">Module</S>
          <S N="FileList">Az.Storage.nuspec|Microsoft.Azure.PowerShell.Cmdlets.Storage.dll|Microsoft.Azure.PowerShell.Cmdlets.Storage.Management.dll-Help.xml|Microsoft.Azure.Storage.Blob.dll|Microsoft.Azure.Storage.File.dll|Microsoft.OData.Edm.dll|Storage.format.ps1xml|Storage.Management.format.ps1xml|Storage.Autorest\Az.Storage.format.ps1xml|Storage.Autorest\bin\Az.Storage.private.dll|Storage.Autorest\custom\Start-AzStorageAccountMigration.ps1|Storage.Autorest\internal\Az.Storage.internal.psm1|Storage.Autorest\utils\Get-SubscriptionIdTestSafe.ps1|Azure.Data.Tables.dll|Azure.Storage.Files.DataLake.dll|Microsoft.Azure.Cosmos.Table.dll|Microsoft.Azure.PowerShell.Cmdlets.Storage.dll-Help.xml|Microsoft.Azure.PowerShell.Storage.Common.dll|Microsoft.Azure.Storage.Common.dll|Microsoft.Azure.Storage.Queue.dll|Microsoft.Spatial.dll|Storage.generated.format.ps1xml|System.IO.Hashing.dll|Storage.Autorest\Az.Storage.psm1|Storage.Autorest\custom\Az.Storage.custom.psm1|Storage.Autorest\exports\ProxyCmdletDefinitions.ps1|Storage.Autorest\internal\ProxyCmdletDefinitions.ps1|Storage.Autorest\utils\Unprotect-SecureString.ps1|Az.Storage.psd1|Azure.Storage.Blobs.dll|Azure.Storage.Files.Shares.dll|Microsoft.Azure.DocumentDB.Core.dll|Microsoft.Azure.PowerShell.Cmdlets.Storage.Management.dll|Microsoft.Azure.PowerShell.Storage.Management.Sdk.dll|Microsoft.Azure.Storage.DataMovement.dll|Microsoft.OData.Core.dll|Az.Storage.psm1|Azure.Storage.Common.dll|Azure.Storage.Queues.dll|Microsoft.Azure.KeyVault.Core.dll|.signature.p7s</S>
          <S N="Cmdlets">Add-AzRmStorageContainerLegalHold Add-AzStorageAccountManagementPolicyAction Add-AzStorageAccountNetworkRule Close-AzStorageFileHandle Copy-AzStorageBlob Disable-AzStorageBlobDeleteRetentionPolicy Disable-AzStorageBlobLastAccessTimeTracking Disable-AzStorageBlobRestorePolicy Disable-AzStorageContainerDeleteRetentionPolicy Disable-AzStorageDeleteRetentionPolicy Disable-AzStorageStaticWebsite Enable-AzStorageBlobDeleteRetentionPolicy Enable-AzStorageBlobLastAccessTimeTracking Enable-AzStorageBlobRestorePolicy Enable-AzStorageContainerDeleteRetentionPolicy Enable-AzStorageDeleteRetentionPolicy Enable-AzStorageStaticWebsite Get-AzDataLakeGen2ChildItem Get-AzDataLakeGen2DeletedItem Get-AzDataLakeGen2Item Get-AzDataLakeGen2ItemContent Get-AzRmStorageContainer Get-AzRmStorageContainerImmutabilityPolicy Get-AzRmStorageShare Get-AzStorageAccount Get-AzStorageAccountKey Get-AzStorageAccountManagementPolicy Get-AzStorageAccountNameAvailability Get-AzStorageAccountNetworkRuleSet Get-AzStorageBlob Get-AzStorageBlobByTag Get-AzStorageBlobContent Get-AzStorageBlobCopyState Get-AzStorageBlobInventoryPolicy Get-AzStorageBlobQueryResult Get-AzStorageBlobServiceProperty Get-AzStorageBlobTag Get-AzStorageContainer Get-AzStorageContainerStoredAccessPolicy Get-AzStorageCORSRule Get-AzStorageEncryptionScope Get-AzStorageFile Get-AzStorageFileContent Get-AzStorageFileCopyState Get-AzStorageFileHandle Get-AzStorageFileServiceProperty Get-AzStorageLocalUser Get-AzStorageLocalUserKey Get-AzStorageObjectReplicationPolicy Get-AzStorageQueue Get-AzStorageQueueStoredAccessPolicy Get-AzStorageServiceLoggingProperty Get-AzStorageServiceMetricsProperty Get-AzStorageServiceProperty Get-AzStorageShare Get-AzStorageShareStoredAccessPolicy Get-AzStorageTable Get-AzStorageTableStoredAccessPolicy Get-AzStorageUsage Invoke-AzRmStorageContainerImmutableStorageWithVersioningMigration Invoke-AzStorageAccountFailover Invoke-AzStorageAccountHierarchicalNamespaceUpgrade Lock-AzRmStorageContainerImmutabilityPolicy Move-AzDataLakeGen2Item New-AzDataLakeGen2Item New-AzDataLakeGen2SasToken New-AzRmStorageContainer New-AzRmStorageShare New-AzStorageAccount New-AzStorageAccountKey New-AzStorageAccountManagementPolicyBlobIndexMatchObject New-AzStorageAccountManagementPolicyFilter New-AzStorageAccountManagementPolicyRule New-AzStorageAccountSASToken New-AzStorageBlobInventoryPolicyRule New-AzStorageBlobQueryConfig New-AzStorageBlobRangeToRestore New-AzStorageBlobSASToken New-AzStorageContainer New-AzStorageContainerSASToken New-AzStorageContainerStoredAccessPolicy New-AzStorageContext New-AzStorageDirectory New-AzStorageEncryptionScope New-AzStorageFileHardLink New-AzStorageFileSASToken New-AzStorageLocalUserPermissionScope New-AzStorageLocalUserSshPassword New-AzStorageLocalUserSshPublicKey New-AzStorageObjectReplicationPolicyRule New-AzStorageQueue New-AzStorageQueueSASToken New-AzStorageQueueStoredAccessPolicy New-AzStorageShare New-AzStorageShareSASToken New-AzStorageShareStoredAccessPolicy New-AzStorageTable New-AzStorageTableSASToken New-AzStorageTableStoredAccessPolicy Remove-AzDataLakeGen2AclRecursive Remove-AzDataLakeGen2Item Remove-AzRmStorageContainer Remove-AzRmStorageContainerImmutabilityPolicy Remove-AzRmStorageContainerLegalHold Remove-AzRmStorageShare Remove-AzStorageAccount Remove-AzStorageAccountManagementPolicy Remove-AzStorageAccountNetworkRule Remove-AzStorageBlob Remove-AzStorageBlobImmutabilityPolicy Remove-AzStorageBlobInventoryPolicy Remove-AzStorageContainer Remove-AzStorageContainerStoredAccessPolicy Remove-AzStorageCORSRule Remove-AzStorageDirectory Remove-AzStorageFile Remove-AzStorageLocalUser Remove-AzStorageObjectReplicationPolicy Remove-AzStorageQueue Remove-AzStorageQueueStoredAccessPolicy Remove-AzStorageShare Remove-AzStorageShareStoredAccessPolicy Remove-AzStorageTable Remove-AzStorageTableStoredAccessPolicy Rename-AzStorageDirectory Rename-AzStorageFile Restore-AzDataLakeGen2DeletedItem Restore-AzRmStorageShare Restore-AzStorageBlobRange Restore-AzStorageContainer Revoke-AzStorageAccountUserDelegationKeys Set-AzCurrentStorageAccount Set-AzDataLakeGen2AclRecursive Set-AzDataLakeGen2ItemAclObject Set-AzRmStorageContainerImmutabilityPolicy Set-AzStorageAccount Set-AzStorageAccountManagementPolicy Set-AzStorageBlobContent Set-AzStorageBlobImmutabilityPolicy Set-AzStorageBlobInventoryPolicy Set-AzStorageBlobLegalHold Set-AzStorageBlobTag Set-AzStorageContainerAcl Set-AzStorageContainerStoredAccessPolicy Set-AzStorageCORSRule Set-AzStorageFileContent Set-AzStorageLocalUser Set-AzStorageObjectReplicationPolicy Set-AzStorageQueueStoredAccessPolicy Set-AzStorageServiceLoggingProperty Set-AzStorageServiceMetricsProperty Set-AzStorageShareQuota Set-AzStorageShareStoredAccessPolicy Set-AzStorageTableStoredAccessPolicy Start-AzStorageBlobCopy Start-AzStorageBlobIncrementalCopy Start-AzStorageFileCopy Stop-AzStorageAccountHierarchicalNamespaceUpgrade Stop-AzStorageBlobCopy Stop-AzStorageFileCopy Update-AzDataLakeGen2AclRecursive Update-AzDataLakeGen2Item Update-AzRmStorageContainer Update-AzRmStorageShare Update-AzStorageAccountNetworkRuleSet Update-AzStorageBlobServiceProperty Update-AzStorageEncryptionScope Update-AzStorageFileServiceProperty Update-AzStorageServiceProperty</S>
          <S N="Functions">Get-AzStorageAccountMigration Get-AzStorageFileServiceUsage Start-AzStorageAccountMigration</S>
          <S N="GUID">dfa9e4ea-1407-446d-9111-79122977ab20</S>
          <S N="PowerShellVersion">5.1</S>
          <S N="DotNetFrameworkVersion">4.7.2</S>
          <S N="CompanyName">Microsoft Corporation</S>
        </MS>
      </Obj>
      <S N="InstalledLocation">/Users/warrenchu/Modules/Az.Storage/9.0.0</S>
    </MS>
  </Obj>
</Objs>
